Price,Adj Close,Close,High,Low,Open,Volume
Ticker,AAPL,AAPL,AAPL,AAPL,AAPL,AAPL
Date,,,,,,
2016-01-04,23.730945587158203,26.337499618530273,26.342500686645508,25.5,25.65250015258789,270597600
2016-01-05,23.136266708374023,25.677499771118164,26.462499618530273,25.602500915527344,26.4375,223164000
2016-01-06,22.683496475219727,25.174999237060547,25.592500686645508,24.967500686645508,25.139999389648438,273829600
2016-01-07,21.72614860534668,24.112499237060547,25.032499313354492,24.107500076293945,24.670000076293945,324377600
2016-01-08,21.841033935546875,24.239999771118164,24.77750015258789,24.190000534057617,24.637500762939453,283192000
2016-01-11,22.194690704345703,24.63249969482422,24.764999389648438,24.334999084472656,24.74250030517578,198957600
2016-01-12,22.516799926757812,24.989999771118164,25.172500610351562,24.709999084472656,25.137500762939453,196616800
2016-01-13,21.937889099121094,24.34749984741211,25.297500610351562,24.325000762939453,25.079999923706055,249758400
2016-01-14,22.417692184448242,24.8799991607666,25.1200008392334,23.934999465942383,24.489999771118164,252680400
2016-01-15,21.87932777404785,24.282499313354492,24.427499771118164,23.84000015258789,24.049999237060547,319335600
2016-01-19,21.77345848083496,24.165000915527344,24.662500381469727,23.875,24.602500915527344,212350800
2016-01-20,21.802732467651367,24.197500228881836,24.547500610351562,23.354999542236328,23.774999618530273,289337600
2016-01-21,21.69236183166504,24.075000762939453,24.469999313354492,23.735000610351562,24.264999389648438,208646000
2016-01-22,22.84568977355957,25.354999542236328,25.364999771118164,24.592500686645508,24.657499313354492,263202000
2016-01-25,22.399667739868164,24.860000610351562,25.38249969482422,24.802499771118164,25.3799991607666,207178000
2016-01-26,22.523561477661133,24.997499465942383,25.219999313354492,24.517499923706055,24.982500076293945,300308000
2016-01-27,21.043615341186523,23.354999542236328,24.157499313354492,23.334999084472656,24.010000228881836,533478800
2016-01-28,21.194541931152344,23.522499084472656,23.6299991607666,23.09749984741211,23.447500228881836,222715200
2016-01-29,21.92662239074707,24.334999084472656,24.334999084472656,23.587499618530273,23.697500228881836,257666000
2016-02-01,21.721641540527344,24.107500076293945,24.177499771118164,23.850000381469727,24.11750030517578,163774000
2016-02-02,21.28238868713379,23.6200008392334,24.010000228881836,23.56999969482422,23.854999542236328,149428800
2016-02-03,21.703622817993164,24.087499618530273,24.209999084472656,23.520000457763672,23.75,183857200
2016-02-04,21.878013610839844,24.149999618530273,24.332500457763672,23.797500610351562,23.96500015258789,185886800
2016-02-05,21.293691635131836,23.5049991607666,24.229999542236328,23.422500610351562,24.1299991607666,185672400
2016-02-08,21.517911911010742,23.752500534057617,23.924999237060547,23.260000228881836,23.282499313354492,216085600
2016-02-09,21.513378143310547,23.747499465942383,23.985000610351562,23.482500076293945,23.572500228881836,177324800
2016-02-10,21.350317001342773,23.5674991607666,24.087499618530273,23.524999618530273,23.979999542236328,169374400
2016-02-11,21.221220016479492,23.424999237060547,23.68000030517578,23.147499084472656,23.447500228881836,200298800
2016-02-12,21.286895751953125,23.497499465942383,23.625,23.252500534057617,23.547500610351562,161405600
2016-02-16,21.887073516845703,24.15999984741211,24.212499618530273,23.65250015258789,23.7549991607666,196231600
2016-02-17,22.222261428833008,24.530000686645508,24.552499771118164,24.037500381469727,24.167499542236328,179452800
2016-02-18,21.801013946533203,24.065000534057617,24.72249984741211,24.022499084472656,24.709999084472656,156084000
2016-02-19,21.751182556152344,24.010000228881836,24.190000534057617,23.950000762939453,24.0,141496800
2016-02-22,21.941425323486328,24.219999313354492,24.225000381469727,23.979999542236328,24.077499389648438,137123200
2016-02-23,21.4454288482666,23.672500610351562,24.125,23.637500762939453,24.100000381469727,127770400
2016-02-24,21.764772415161133,24.024999618530273,24.094999313354492,23.329999923706055,23.4950008392334,145022800
2016-02-25,21.91425895690918,24.190000534057617,24.190000534057617,23.8125,24.012500762939453,110330800
2016-02-26,21.948217391967773,24.227500915527344,24.5049991607666,24.145000457763672,24.299999237060547,115964400
2016-02-29,21.898395538330078,24.172500610351562,24.5575008392334,24.162500381469727,24.21500015258789,140865200
2016-03-01,22.76807975769043,25.13249969482422,25.1924991607666,24.354999542236328,24.412500381469727,201628400
2016-03-02,22.817903518676758,25.1875,25.22249984741211,24.90999984741211,25.127500534057617,132678400
2016-03-03,22.987762451171875,25.375,25.427499771118164,25.112499237060547,25.145000457763672,147822800
2016-03-04,23.32975196838379,25.752500534057617,25.9375,25.342500686645508,25.592500686645508,184220400
2016-03-07,23.071561813354492,25.467500686645508,25.707500457763672,25.239999771118164,25.59749984741211,143315600
2016-03-08,22.881322860717773,25.25749969482422,25.440000534057617,25.100000381469727,25.19499969482422,126247600
2016-03-09,22.901702880859375,25.280000686645508,25.395000457763672,25.0674991607666,25.327499389648438,108806800
2016-03-10,22.913034439086914,25.292499542236328,25.559999465942383,25.037500381469727,25.352500915527344,134054400
2016-03-11,23.159889221191406,25.565000534057617,25.56999969482422,25.375,25.559999465942383,109632800
2016-03-14,23.218778610229492,25.6299991607666,25.727500915527344,25.44499969482422,25.477500915527344,100304400
2016-03-15,23.68532371520996,26.145000457763672,26.295000076293945,25.962499618530273,25.989999771118164,160270800
2016-03-16,24.00013542175293,26.49250030517578,26.577499389648438,26.147499084472656,26.15250015258789,153214000
2016-03-17,23.961631774902344,26.450000762939453,26.61750030517578,26.239999771118164,26.3799991607666,137682800
2016-03-18,23.98880958557129,26.479999542236328,26.625,26.297500610351562,26.584999084472656,176820800
2016-03-21,23.98654556274414,26.477500915527344,26.912500381469727,26.28499984741211,26.482500076293945,142010800
2016-03-22,24.170001983642578,26.68000030517578,26.822500228881836,26.302499771118164,26.3125,129777600
2016-03-23,24.036367416381836,26.532499313354492,26.767499923706055,26.475000381469727,26.6200008392334,102814000
2016-03-24,23.932186126708984,26.417499542236328,26.5625,26.22249984741211,26.36750030517578,104532000
2016-03-28,23.8234806060791,26.297500610351562,26.547500610351562,26.264999389648438,26.5,77645600
2016-03-29,24.387418746948242,26.920000076293945,26.947500228881836,26.219999313354492,26.22249984741211,124760400
2016-03-30,24.813201904296875,27.389999389648438,27.604999542236328,27.149999618530273,27.162500381469727,182404400
2016-03-31,24.684097290039062,27.247499465942383,27.475000381469727,27.219999313354492,27.43000030517578,103553600
2016-04-01,24.91058921813965,27.497499465942383,27.5,27.049999237060547,27.19499969482422,103496000
2016-04-04,25.1665096282959,27.780000686645508,28.047500610351562,27.5674991607666,27.604999542236328,149424800
2016-04-05,24.869823455810547,27.452499389648438,27.6825008392334,27.354999542236328,27.377500534057617,106314800
2016-04-06,25.130273818969727,27.739999771118164,27.7450008392334,27.299999237060547,27.5575008392334,105616400
2016-04-07,24.582189559936523,27.135000228881836,27.604999542236328,27.030000686645508,27.487499237060547,127207600
2016-04-08,24.609363555908203,27.165000915527344,27.4424991607666,27.042499542236328,27.227500915527344,94326800
2016-04-11,24.69090461730957,27.2549991607666,27.65250015258789,27.207500457763672,27.24250030517578,117630000
2016-04-12,25.012502670288086,27.610000610351562,27.625,27.165000915527344,27.334999084472656,108929200
2016-04-13,25.374874114990234,28.010000228881836,28.084999084472656,27.700000762939453,27.700000762939453,133029200
2016-04-14,25.388456344604492,28.024999618530273,28.09749984741211,27.832500457763672,27.905000686645508,101895600
2016-04-15,24.878877639770508,27.462499618530273,28.075000762939453,27.4325008392334,28.02750015258789,187756000
2016-04-18,24.342126846313477,26.8700008392334,27.237499237060547,26.735000610351562,27.22249984741211,243286000
2016-04-19,24.213024139404297,26.727500915527344,27.0,26.5575008392334,26.969999313354492,129539600
2016-04-20,24.262849807739258,26.782499313354492,27.022499084472656,26.514999389648438,26.65999984741211,122444000
2016-04-21,24.00013542175293,26.49250030517578,26.732500076293945,26.3799991607666,26.732500076293945,126210000
2016-04-22,23.934459686279297,26.420000076293945,26.6200008392334,26.155000686645508,26.252500534057617,134732400
2016-04-25,23.798568725585938,26.270000457763672,26.412500381469727,26.127500534057617,26.25,112126400
2016-04-26,23.63323974609375,26.087499618530273,26.325000762939453,25.977500915527344,25.977500915527344,224064800
2016-04-27,22.15431785583496,24.454999923706055,24.677499771118164,23.920000076293945,24.0,458408400
2016-04-28,21.477144241333008,23.707500457763672,24.469999313354492,23.5625,24.40250015258789,328970800
2016-04-29,21.230281829833984,23.434999465942383,23.68000030517578,23.127500534057617,23.497499465942383,274126000
2016-05-02,21.207630157470703,23.40999984741211,23.520000457763672,23.100000381469727,23.49250030517578,192640400
2016-05-03,21.55640983581543,23.795000076293945,23.934999465942383,23.420000076293945,23.549999237060547,227325200
2016-05-04,21.332191467285156,23.547500610351562,23.975000381469727,23.454999923706055,23.799999237060547,164102000
2016-05-05,21.24561309814453,23.309999465942383,23.517499923706055,23.170000076293945,23.5,143562000
2016-05-06,21.127117156982422,23.18000030517578,23.362499237060547,22.962499618530273,23.342500686645508,174799600
2016-05-09,21.1430721282959,23.197500228881836,23.4424991607666,23.147499084472656,23.25,131745600
2016-05-10,21.28662109375,23.354999542236328,23.392499923706055,23.02750015258789,23.332500457763672,134747200
2016-05-11,21.07927131652832,23.127500534057617,23.392499923706055,23.114999771118164,23.3700008392334,114876400
2016-05-12,20.584819793701172,22.584999084472656,23.19499969482422,22.36750030517578,23.18000030517578,305258800
2016-05-13,20.625829696655273,22.6299991607666,22.917499542236328,22.5,22.5,177571200
2016-05-16,21.39143943786621,23.469999313354492,23.59749984741211,22.912500381469727,23.09749984741211,245039200
2016-05-17,21.302574157714844,23.372499465942383,23.674999237060547,23.252500534057617,23.637500762939453,187667600
2016-05-18,21.546384811401367,23.639999389648438,23.802499771118164,23.47249984741211,23.540000915527344,168249600
2016-05-19,21.464353561401367,23.549999237060547,23.65999984741211,23.392499923706055,23.65999984741211,121768400
2016-05-20,21.69676399230957,23.80500030517578,23.857500076293945,23.6299991607666,23.65999984741211,128104000
2016-05-23,21.972476959228516,24.107500076293945,24.297500610351562,23.917499542236328,23.967500686645508,152074400
2016-05-24,22.307432174682617,24.475000381469727,24.522499084472656,24.209999084472656,24.30500030517578,140560800
2016-05-25,22.69934844970703,24.905000686645508,24.934999465942383,24.52750015258789,24.667499542236328,152675200
2016-05-26,22.879362106323242,25.102500915527344,25.1825008392334,24.65999984741211,24.920000076293945,225324800
2016-05-27,22.86568832397461,25.087499618530273,25.11750030517578,24.8125,24.860000610351562,145364800
2016-05-31,22.754037857055664,24.96500015258789,25.100000381469727,24.704999923706055,24.899999618530273,169228800
2016-06-01,22.435035705566406,24.614999771118164,24.885000228881836,24.582500457763672,24.7549991607666,116693200
2016-06-02,22.266416549682617,24.43000030517578,24.459999084472656,24.157499313354492,24.399999618530273,160766400
2016-06-03,22.311986923217773,24.479999542236328,24.5674991607666,24.362499237060547,24.447500228881836,114019600
2016-06-06,22.47376823425293,24.657499313354492,25.47249984741211,24.387500762939453,24.497499465942383,93170000
2016-06-07,22.564916610717773,24.75749969482422,24.967500686645508,24.739999771118164,24.8125,89638000
2016-06-08,22.54440689086914,24.735000610351562,24.889999389648438,24.670000076293945,24.7549991607666,83392400
2016-06-09,22.706186294555664,24.912500381469727,24.997499465942383,24.614999771118164,24.625,106405600
2016-06-10,22.51934051513672,24.707500457763672,24.837499618530273,24.6200008392334,24.63249969482422,126851600
2016-06-13,22.179826736450195,24.334999084472656,24.780000686645508,24.274999618530273,24.672500610351562,152082000
2016-06-14,22.20717430114746,24.364999771118164,24.6200008392334,24.1875,24.329999923706055,127727600
2016-06-15,22.134260177612305,24.28499984741211,24.602500915527344,24.25749969482422,24.454999923706055,117780800
2016-06-16,22.227684020996094,24.387500762939453,24.4375,24.017499923706055,24.112499237060547,125307200
2016-06-17,21.721837997436523,23.832500457763672,24.162500381469727,23.825000762939453,24.155000686645508,244032800
2016-06-20,21.6694278717041,23.774999618530273,24.142499923706055,23.75749969482422,24.0,137647600
2016-06-21,21.85399055480957,23.977500915527344,24.087499618530273,23.670000076293945,23.735000610351562,142185600
2016-06-22,21.7719669342041,23.887500762939453,24.22249984741211,23.837499618530273,24.0625,116876400
2016-06-23,21.897287368774414,24.024999618530273,24.072500228881836,23.8125,23.985000610351562,128960800
2016-06-24,21.282072067260742,23.350000381469727,23.665000915527344,23.162500381469727,23.227500915527344,301245600
2016-06-27,20.97218132019043,23.010000228881836,23.262500762939453,22.875,23.25,181958400
2016-06-28,21.32535743713379,23.397499084472656,23.415000915527344,23.03499984741211,23.225000381469727,161779600
2016-06-29,21.509925842285156,23.600000381469727,23.637500762939453,23.407499313354492,23.49250030517578,146124000
2016-06-30,21.783355712890625,23.899999618530273,23.9424991607666,23.575000762939453,23.610000610351562,143345600
2016-07-01,21.84943389892578,23.97249984741211,24.11750030517578,23.832500457763672,23.872499465942383,104106000
2016-07-05,21.644359588623047,23.747499465942383,23.850000381469727,23.614999771118164,23.84749984741211,110820800
2016-07-06,21.767406463623047,23.88249969482422,23.915000915527344,23.592500686645508,23.649999618530273,123796400
2016-07-07,21.860830307006836,23.985000610351562,24.125,23.905000686645508,23.924999237060547,100558400
2016-07-08,22.029447555541992,24.170000076293945,24.22249984741211,24.012500762939453,24.122499465942383,115648400
2016-07-11,22.097803115844727,24.2450008392334,24.412500381469727,24.1825008392334,24.1875,95179600
2016-07-12,22.198062896728516,24.354999542236328,24.424999237060547,24.280000686645508,24.292499542236328,96670000
2016-07-13,22.072736740112305,24.217500686645508,24.417499542236328,24.209999084472656,24.352500915527344,103568800
2016-07-14,22.510229110717773,24.697500228881836,24.747499465942383,24.329999923706055,24.34749984741211,155676000
2016-07-15,22.507949829101562,24.69499969482422,24.825000762939453,24.625,24.729999542236328,120548000
2016-07-18,22.747203826904297,24.957500457763672,25.032499313354492,24.649999618530273,24.674999237060547,145975600
2016-07-19,22.756319046020508,24.967500686645508,25.0,24.834999084472656,24.889999389648438,95119600
2016-07-20,22.776817321777344,24.989999771118164,25.114999771118164,24.934999465942383,25.0,105104000
2016-07-21,22.656051635742188,24.857500076293945,25.25,24.782499313354492,24.957500457763672,130808000
2016-07-22,22.48060417175293,24.665000915527344,24.825000762939453,24.577499389648438,24.815000534057617,113254800
2016-07-25,22.179826736450195,24.334999084472656,24.709999084472656,24.229999542236328,24.5625,161531600
2016-07-26,22.02716636657715,24.167499542236328,24.49250030517578,24.104999542236328,24.204999923706055,224959200
2016-07-27,23.458126068115234,25.737499237060547,26.087499618530273,25.6875,26.0674991607666,369379200
2016-07-28,23.774843215942383,26.084999084472656,26.112499237060547,25.704999923706055,25.707500457763672,159479200
2016-07-29,23.745229721069336,26.052499771118164,26.137500762939453,25.920000076293945,26.047500610351562,110934800
2016-08-01,24.164487838745117,26.512500762939453,26.537500381469727,26.102500915527344,26.102500915527344,152671600
2016-08-02,23.806747436523438,26.1200008392334,26.517499923706055,26.0,26.512500762939453,135266400
2016-08-03,24.10525131225586,26.447500228881836,26.459999084472656,26.1924991607666,26.202499389648438,120810400
2016-08-04,24.2541561126709,26.467500686645508,26.5,26.31999969482422,26.395000457763672,109634800
2016-08-05,24.623001098632812,26.8700008392334,26.912500381469727,26.545000076293945,26.5674991607666,162213600
2016-08-08,24.82688331604004,27.092500686645508,27.092500686645508,26.790000915527344,26.8799991607666,112148800
2016-08-09,24.927692413330078,27.202499389648438,27.235000610351562,27.002500534057617,27.0575008392334,105260800
2016-08-10,24.74212646484375,27.0,27.225000381469727,26.940000534057617,27.177499771118164,96034000
2016-08-11,24.726089477539062,26.982500076293945,27.232500076293945,26.962499618530273,27.1299991607666,109938000
2016-08-12,24.78336524963379,27.045000076293945,27.110000610351562,26.94499969482422,26.94499969482422,74641600
2016-08-15,25.081186294555664,27.3700008392334,27.385000228881836,27.020000457763672,27.03499984741211,103472800
2016-08-16,25.058271408081055,27.344999313354492,27.5575008392334,27.302499771118164,27.407499313354492,135177600
2016-08-17,25.021617889404297,27.30500030517578,27.342500686645508,27.084999084472656,27.274999618530273,101424000
2016-08-18,24.989551544189453,27.270000457763672,27.399999618530273,27.2549991607666,27.3075008392334,87938800
2016-08-19,25.053688049316406,27.34000015258789,27.422500610351562,27.09000015258789,27.1924991607666,101472400
2016-08-22,24.858972549438477,27.127500534057617,27.274999618530273,26.962499618530273,27.21500015258789,103280800
2016-08-23,24.936851501464844,27.212499618530273,27.329999923706055,27.13249969482422,27.147499084472656,85030800
2016-08-24,24.748998641967773,27.00749969482422,27.1875,26.920000076293945,27.142499923706055,94700400
2016-08-25,24.643613815307617,26.892499923706055,26.969999313354492,26.670000076293945,26.84749984741211,100344800
2016-08-26,24.499279022216797,26.735000610351562,26.987499237060547,26.577499389648438,26.852500915527344,111065200
2016-08-29,24.471784591674805,26.704999923706055,26.860000610351562,26.572500228881836,26.655000686645508,99881200
2016-08-30,24.283933639526367,26.5,26.625,26.375,26.450000762939453,99455600
2016-08-31,24.306846618652344,26.524999618530273,26.642499923706055,26.40999984741211,26.415000915527344,118649600
2016-09-01,24.4511775970459,26.6825008392334,26.700000762939453,26.405000686645508,26.53499984741211,106806000
2016-09-02,24.680267333984375,26.9325008392334,27.0,26.704999923706055,26.924999237060547,107210000
2016-09-06,24.673391342163086,26.924999237060547,27.075000762939453,26.877500534057617,26.975000381469727,107521600
2016-09-07,24.824600219726562,27.09000015258789,27.190000534057617,26.767499923706055,26.957500457763672,169457200
2016-09-08,24.173967361450195,26.3799991607666,26.8174991607666,26.309999465942383,26.8125,212008000
2016-09-09,23.62643051147461,25.782499313354492,26.43000030517578,25.782499313354492,26.15999984741211,186228000
2016-09-12,24.15564727783203,26.360000610351562,26.43000030517578,25.63249969482422,25.662500381469727,181171200
2016-09-13,24.73066520690918,26.987499237060547,27.197500228881836,26.809999465942383,26.877500534057617,248704800
2016-09-14,25.605810165405273,27.9424991607666,28.25749969482422,27.149999618530273,27.1825008392334,443554800
2016-09-15,26.476362228393555,28.892499923706055,28.9325008392334,28.372499465942383,28.46500015258789,359934400
2016-09-16,26.327451705932617,28.729999542236328,29.032499313354492,28.510000228881836,28.780000686645508,319547600
2016-09-19,26.02046775817871,28.395000457763672,29.045000076293945,28.3125,28.797500610351562,188092000
2016-09-20,26.018169403076172,28.392499923706055,28.530000686645508,28.127500534057617,28.262500762939453,138057200
2016-09-21,26.01359748840332,28.387500762939453,28.497499465942383,28.110000610351562,28.462499618530273,144012800
2016-09-22,26.25872230529785,28.655000686645508,28.735000610351562,28.5,28.587499618530273,124296000
2016-09-23,25.821155548095703,28.177499771118164,28.697500228881836,27.887500762939453,28.604999542236328,209924800
2016-09-26,25.860097885131836,28.219999313354492,28.34749984741211,27.887500762939453,27.90999984741211,119477600
2016-09-27,25.908212661743164,28.272499084472656,28.295000076293945,28.084999084472656,28.25,98429600
2016-09-28,26.10523223876953,28.487499237060547,28.65999984741211,28.357500076293945,28.422500610351562,118564400
2016-09-29,25.69973373413086,28.045000076293945,28.450000762939453,27.950000762939453,28.290000915527344,143548000
2016-09-30,25.899044036865234,28.262500762939453,28.342500686645508,27.950000762939453,28.114999771118164,145516400
2016-10-03,25.777629852294922,28.1299991607666,28.262500762939453,28.06999969482422,28.177499771118164,86807200
2016-10-04,25.887596130371094,28.25,28.577499389648438,28.157499313354492,28.264999389648438,118947200
2016-10-05,25.899044036865234,28.262500762939453,28.415000915527344,28.172500610351562,28.350000381469727,85812400
2016-10-06,26.091487884521484,28.47249984741211,28.584999084472656,28.282499313354492,28.424999237060547,115117200
2016-10-07,26.13043212890625,28.514999389648438,28.639999389648438,28.377500534057617,28.577499389648438,97433600
2016-10-10,26.58633041381836,29.012500762939453,29.1875,28.68000030517578,28.7549991607666,144944000
2016-10-11,26.64360237121582,29.075000762939453,29.672500610351562,29.049999237060547,29.424999237060547,256164000
2016-10-12,26.881858825683594,29.334999084472656,29.4950008392334,29.1875,29.337499618530273,150347200
2016-10-13,26.79939079284668,29.2450008392334,29.360000610351562,28.93000030517578,29.197500228881836,140769600
2016-10-14,26.948299407958984,29.407499313354492,29.542499542236328,29.282499313354492,29.469999313354492,142608800
2016-10-17,26.92997169494629,29.387500762939453,29.459999084472656,29.19499969482422,29.332500457763672,94499600
2016-10-18,26.911643981933594,29.36750030517578,29.552499771118164,29.362499237060547,29.545000076293945,98214000
2016-10-19,26.83145523071289,29.280000686645508,29.440000534057617,28.450000762939453,29.3125,80138400
2016-10-20,26.817716598510742,29.264999389648438,29.344999313354492,29.082500457763672,29.21500015258789,96503200
2016-10-21,26.71232795715332,29.149999618530273,29.227500915527344,29.06999969482422,29.202499389648438,92770800
2016-10-24,26.9528865814209,29.412500381469727,29.434999465942383,29.25,29.274999618530273,94154800
2016-10-25,27.0903377532959,29.5625,29.59000015258789,29.327499389648438,29.487499237060547,192516000
2016-10-26,26.480939865112305,28.897499084472656,28.924999237060547,28.327499389648438,28.577499389648438,264536800
2016-10-27,26.226652145385742,28.6200008392334,28.96500015258789,28.524999618530273,28.84749984741211,138248000
2016-10-28,26.052547454833984,28.43000030517578,28.802499771118164,28.362499237060547,28.467500686645508,151446800
2016-10-31,26.011302947998047,28.385000228881836,28.5575008392334,28.299999237060547,28.412500381469727,105677600
2016-11-01,25.541664123535156,27.872499465942383,28.4424991607666,27.63249969482422,28.364999771118164,175303200
2016-11-02,25.5645694732666,27.897499084472656,28.087499618530273,27.8075008392334,27.850000381469727,113326800
2016-11-03,25.290550231933594,27.457500457763672,27.864999771118164,27.387500762939453,27.7450008392334,107730400
2016-11-04,25.062580108642578,27.209999084472656,27.5625,27.02750015258789,27.13249969482422,123348000
2016-11-07,25.42410659790039,27.602500915527344,27.627500534057617,27.364999771118164,27.520000457763672,130240000
2016-11-08,25.573776245117188,27.764999389648438,27.93000030517578,27.424999237060547,27.577499389648438,97016800
2016-11-09,25.532337188720703,27.719999313354492,27.829999923706055,27.012500762939453,27.469999313354492,236705600
2016-11-10,24.820802688598633,26.947500228881836,27.772499084472656,26.457500457763672,27.772499084472656,228538000
2016-11-11,24.96817398071289,27.107500076293945,27.217500686645508,26.637500762939453,26.780000686645508,136575600
2016-11-14,24.341833114624023,26.427499771118164,26.952499389648438,26.020000457763672,26.927499771118164,204702000
2016-11-15,24.664216995239258,26.77750015258789,26.920000076293945,26.540000915527344,26.642499923706055,129058000
2016-11-16,25.327392578125,27.497499465942383,27.5575008392334,26.649999618530273,26.674999237060547,235362000
2016-11-17,25.318185806274414,27.487499237060547,27.587499618530273,27.207500457763672,27.452499389648438,110528000
2016-11-18,25.343507766723633,27.514999389648438,27.635000228881836,27.415000915527344,27.43000030517578,113715600
2016-11-21,25.728063583374023,27.9325008392334,27.997499465942383,27.502500534057617,27.530000686645508,117058400
2016-11-22,25.744182586669922,27.950000762939453,28.104999542236328,27.850000381469727,27.987499237060547,103862000
2016-11-23,25.612932205200195,27.8075008392334,27.877500534057617,27.582500457763672,27.84000015258789,109705600
2016-11-25,25.741878509521484,27.947500228881836,27.967500686645508,27.737499237060547,27.782499313354492,45903600
2016-11-28,25.691221237182617,27.892499923706055,28.11750030517578,27.84749984741211,27.857500076293945,108776000
2016-11-29,25.6658878326416,27.864999771118164,28.00749969482422,27.517499923706055,27.69499969482422,114115200
2016-11-30,25.449434280395508,27.6299991607666,28.049999237060547,27.5674991607666,27.899999618530273,144649200
2016-12-01,25.212261199951172,27.372499465942383,27.735000610351562,27.25749969482422,27.592500686645508,148347600
2016-12-02,25.30666732788086,27.475000381469727,27.522499084472656,27.212499618530273,27.292499542236328,106112000
2016-12-05,25.124753952026367,27.27750015258789,27.50749969482422,27.0625,27.5,137298000
2016-12-06,25.318185806274414,27.487499237060547,27.59000015258789,27.297500610351562,27.375,104782000
2016-12-07,25.566871643066406,27.75749969482422,27.797500610351562,27.290000915527344,27.315000534057617,119994800
2016-12-08,25.817861557006836,28.030000686645508,28.107500076293945,27.649999618530273,27.71500015258789,108273200
2016-12-09,26.23926544189453,28.487499237060547,28.674999237060547,28.077499389648438,28.077499389648438,137610400
2016-12-12,26.089588165283203,28.325000762939453,28.75,28.122499465942383,28.322500228881836,105497600
2016-12-13,26.52480125427246,28.797500610351562,28.979999542236328,28.4375,28.459999084472656,174935200
2016-12-14,26.52480125427246,28.797500610351562,29.049999237060547,28.7450008392334,28.760000228881836,136127200
2016-12-15,26.66986656188965,28.954999923706055,29.1825008392334,28.8075008392334,28.844999313354492,186098000
2016-12-16,26.70440673828125,28.99250030517578,29.125,28.912500381469727,29.11750030517578,177404400
2016-12-19,26.858686447143555,29.15999984741211,29.344999313354492,28.9375,28.950000762939453,111117600
2016-12-20,26.93007469177246,29.237499237060547,29.375,29.170000076293945,29.184999465942383,85700000
2016-12-21,26.95540428161621,29.264999389648438,29.350000381469727,29.19499969482422,29.200000762939453,95132800
2016-12-22,26.778093338012695,29.072500228881836,29.127500534057617,28.90999984741211,29.087499618530273,104343600
2016-12-23,26.831056594848633,29.1299991607666,29.1299991607666,28.897499084472656,28.897499084472656,56998000
2016-12-27,27.0014591217041,29.315000534057617,29.450000762939453,29.122499465942383,29.1299991607666,73187600
2016-12-28,26.88631820678711,29.190000534057617,29.5049991607666,29.049999237060547,29.3799991607666,83623600
2016-12-29,26.879409790039062,29.1825008392334,29.27750015258789,29.100000381469727,29.112499237060547,60158000
2016-12-30,26.66986656188965,28.954999923706055,29.299999237060547,28.857500076293945,29.162500381469727,122345200
2017-01-03,26.7458553314209,29.037500381469727,29.082500457763672,28.690000534057617,28.950000762939453,115127600
2017-01-04,26.71591567993164,29.0049991607666,29.127500534057617,28.9375,28.962499618530273,84472400
2017-01-05,26.851776123046875,29.15250015258789,29.21500015258789,28.952499389648438,28.979999542236328,88774400
2017-01-06,27.151138305664062,29.477500915527344,29.540000915527344,29.11750030517578,29.19499969482422,127007600
2017-01-09,27.399818420410156,29.747499465942383,29.857500076293945,29.485000610351562,29.487499237060547,134247600
2017-01-10,27.427453994750977,29.77750015258789,29.844999313354492,29.575000762939453,29.6924991607666,97848400
2017-01-11,27.574827194213867,29.9375,29.982500076293945,29.649999618530273,29.684999465942383,110354400
2017-01-12,27.459693908691406,29.8125,29.825000762939453,29.552499771118164,29.725000381469727,108344800
2017-01-13,27.41133689880371,29.760000228881836,29.905000686645508,29.702499389648438,29.77750015258789,104447600
2017-01-17,27.63239288330078,30.0,30.059999465942383,29.55500030517578,29.584999084472656,137759200
2017-01-18,27.630090713500977,29.997499465942383,30.125,29.927499771118164,30.0,94852000
2017-01-19,27.581737518310547,29.94499969482422,30.022499084472656,29.842500686645508,29.850000381469727,102389200
2017-01-20,27.63239288330078,30.0,30.112499237060547,29.9325008392334,30.112499237060547,130391600
2017-01-23,27.650821685791016,30.020000457763672,30.202499389648438,29.9424991607666,30.0,88200800
2017-01-24,27.6254825592041,29.99250030517578,30.024999618530273,29.875,29.887500762939453,92844000
2017-01-25,28.0653076171875,30.469999313354492,30.524999618530273,30.06999969482422,30.104999542236328,129510400
2017-01-26,28.07912254333496,30.485000610351562,30.610000610351562,30.399999618530273,30.417499542236328,105350400
2017-01-27,28.081418991088867,30.487499237060547,30.587499618530273,30.399999618530273,30.53499984741211,82251600
2017-01-30,28.00773811340332,30.407499313354492,30.407499313354492,30.165000915527344,30.232500076293945,121510000
2017-01-31,27.943256378173828,30.337499618530273,30.34749984741211,30.155000686645508,30.287500381469727,196804000
2017-02-01,29.64725112915039,32.1875,32.622501373291016,31.752500534057617,31.75749969482422,447940000
2017-02-02,29.59659767150879,32.13249969482422,32.34749984741211,31.94499969482422,31.9950008392334,134841600
2017-02-03,29.723249435424805,32.27000045776367,32.29750061035156,32.040000915527344,32.07749938964844,98029200
2017-02-06,30.001867294311523,32.5724983215332,32.625,32.224998474121094,32.282501220703125,107383600
2017-02-07,30.287410736083984,32.88249969482422,33.022499084472656,32.61249923706055,32.6349983215332,152735200
2017-02-08,30.404842376708984,33.0099983215332,33.05500030517578,32.80500030517578,32.837501525878906,92016400
2017-02-09,30.624553680419922,33.10499954223633,33.11249923706055,32.779998779296875,32.912498474121094,113399600
2017-02-10,30.555171966552734,33.029998779296875,33.23500061035156,33.01250076293945,33.1150016784668,80262000
2017-02-13,30.825756072998047,33.3224983215332,33.45500183105469,33.1875,33.27000045776367,92141600
2017-02-14,31.22584342956543,33.755001068115234,33.772499084472656,33.3125,33.36750030517578,132904800
2017-02-15,31.33916473388672,33.877498626708984,34.067501068115234,33.654998779296875,33.880001068115234,142492400
2017-02-16,31.302165985107422,33.837501525878906,33.974998474121094,33.709999084472656,33.91749954223633,90338400
2017-02-17,31.387725830078125,33.93000030517578,33.95750045776367,33.775001525878906,33.775001525878906,88792800
2017-02-21,31.6143798828125,34.17499923706055,34.1875,33.994998931884766,34.057498931884766,98028800
2017-02-22,31.709199905395508,34.27750015258789,34.279998779296875,34.02750015258789,34.10749816894531,83347600
2017-02-23,31.575057983398438,34.13249969482422,34.369998931884766,34.07500076293945,34.345001220703125,83152800
2017-02-24,31.605134963989258,34.165000915527344,34.165000915527344,33.81999969482422,33.977500915527344,87106400
2017-02-27,31.667572021484375,34.23249816894531,34.36000061035156,34.06999969482422,34.28499984741211,81029600
2017-02-28,31.68144416809082,34.247501373291016,34.36000061035156,34.17499923706055,34.27000045776367,93931600
2017-03-01,32.329010009765625,34.9474983215332,35.037498474121094,34.400001525878906,34.47249984741211,145658400
2017-03-02,32.13703918457031,34.7400016784668,35.06999969482422,34.689998626708984,35.0,104844000
2017-03-03,32.326690673828125,34.94499969482422,34.95750045776367,34.647499084472656,34.69499969482422,84432400
2017-03-06,32.22492218017578,34.834999084472656,34.942501068115234,34.650001525878906,34.842498779296875,87000000
2017-03-07,32.26655197143555,34.880001068115234,34.994998931884766,34.6974983215332,34.76499938964844,69785200
2017-03-08,32.146305084228516,34.75,34.95000076293945,34.70500183105469,34.73749923706055,74828800
2017-03-09,32.0722770690918,34.66999816894531,34.6974983215332,34.26250076293945,34.685001373291016,88623600
2017-03-10,32.178672790527344,34.78499984741211,34.84000015258789,34.65999984741211,34.8125,78451200
2017-03-13,32.19254684448242,34.79999923706055,34.85749816894531,34.70500183105469,34.712501525878906,69686800
2017-03-14,32.14399337768555,34.747501373291016,34.912498474121094,34.709999084472656,34.82500076293945,61236400
2017-03-15,32.483951568603516,35.1150016784668,35.1875,34.75749969482422,34.852500915527344,102767200
2017-03-16,32.53713607788086,35.17250061035156,35.255001068115234,35.064998626708984,35.18000030517578,76928000
2017-03-17,32.375244140625,34.997501373291016,35.25,34.97249984741211,35.25,175540000
2017-03-20,32.71521759033203,35.3650016784668,35.375,35.057498931884766,35.099998474121094,86168000
2017-03-21,32.34056091308594,34.959999084472656,35.70000076293945,34.932498931884766,35.52750015258789,158119600
2017-03-22,32.70596694946289,35.35499954223633,35.400001525878906,34.939998626708984,34.962501525878906,103440800
2017-03-23,32.59033203125,35.22999954223633,35.39500045776367,35.15250015258789,35.314998626708984,81385200
2017-03-24,32.52556228637695,35.15999984741211,35.435001373291016,35.087501525878906,35.375,89582400
2017-03-27,32.58108139038086,35.220001220703125,35.30500030517578,34.654998779296875,34.84749984741211,94300400
2017-03-28,33.256385803222656,35.95000076293945,36.0099983215332,35.154998779296875,35.227500915527344,133499200
2017-03-29,33.33040237426758,36.029998779296875,36.122501373291016,35.79750061035156,35.91999816894531,116760000
2017-03-30,33.28644561767578,35.98249816894531,36.125,35.875,36.04750061035156,84829200
2017-03-31,33.22400665283203,35.915000915527344,36.067501068115234,35.752498626708984,35.93000030517578,78646800
2017-04-03,33.23325729370117,35.92499923706055,36.029998779296875,35.76250076293945,35.9275016784668,79942800
2017-04-04,33.480716705322266,36.192501068115234,36.22249984741211,35.79249954223633,35.8125,79565600
2017-04-05,33.3072624206543,36.005001068115234,36.3650016784668,35.95249938964844,36.05500030517578,110871600
2017-04-06,33.22400665283203,35.915000915527344,36.130001068115234,35.86249923706055,36.0724983215332,84596000
2017-04-07,33.14999771118164,35.834999084472656,36.04499816894531,35.817501068115234,35.932498931884766,66688800
2017-04-10,33.11069107055664,35.79249954223633,35.970001220703125,35.724998474121094,35.900001525878906,75733600
2017-04-11,32.75453567504883,35.407501220703125,35.837501525878906,35.01499938964844,35.73500061035156,121517600
2017-04-12,32.79384231567383,35.45000076293945,35.537498474121094,35.252498626708984,35.400001525878906,81400000
2017-04-13,32.620399475097656,35.26250076293945,35.595001220703125,35.26250076293945,35.477500915527344,71291600
2017-04-17,32.80078887939453,35.45750045776367,35.470001220703125,35.217498779296875,35.369998931884766,66328400
2017-04-18,32.65507888793945,35.29999923706055,35.5099983215332,35.27750015258789,35.352500915527344,58790000
2017-04-19,32.53481674194336,35.16999816894531,35.5,35.11249923706055,35.470001220703125,69313600
2017-04-20,32.94186019897461,35.61000061035156,35.72999954223633,35.290000915527344,35.30500030517578,93278400
2017-04-21,32.902549743652344,35.567501068115234,35.66999816894531,35.462501525878906,35.61000061035156,69283600
2017-04-24,33.219383239746094,35.90999984741211,35.98749923706055,35.79499816894531,35.875,68537200
2017-04-25,33.42521286010742,36.13249969482422,36.224998474121094,35.967498779296875,35.977500915527344,75486000
2017-04-26,33.22861862182617,35.91999816894531,36.150001525878906,35.845001220703125,36.11750030517578,80164800
2017-04-27,33.25407791137695,35.9474983215332,36.040000915527344,35.82749938964844,35.97999954223633,56985200
2017-04-28,33.22168731689453,35.912498474121094,36.07500076293945,35.817501068115234,36.022499084472656,83441600
2017-05-01,33.899314880371094,36.64500045776367,36.79999923706055,36.2400016784668,36.275001525878906,134411600
2017-05-02,34.1143798828125,36.877498626708984,37.022499084472656,36.709999084472656,36.8849983215332,181408800
2017-05-03,34.01031494140625,36.76499938964844,36.872501373291016,36.067501068115234,36.397499084472656,182788000
2017-05-04,33.88775634765625,36.63249969482422,36.78499984741211,36.45249938964844,36.630001068115234,93487600
2017-05-05,34.449729919433594,37.2400016784668,37.244998931884766,36.689998626708984,36.689998626708984,109310800
2017-05-08,35.38636779785156,38.252498626708984,38.42499923706055,37.25749969482422,37.25749969482422,195009600
2017-05-09,35.61301040649414,38.497501373291016,38.720001220703125,38.36249923706055,38.467498779296875,156521600
2017-05-10,35.44417953491211,38.314998626708984,38.48500061035156,38.02750015258789,38.407501220703125,103222800
2017-05-11,35.750709533691406,38.48749923706055,38.51750183105469,38.07749938964844,38.11249923706055,109020400
2017-05-12,36.249996185302734,39.025001525878906,39.10499954223633,38.66749954223633,38.67499923706055,130108000
2017-05-15,36.1571044921875,38.92499923706055,39.162498474121094,38.76250076293945,39.002498626708984,104038800
2017-05-16,36.103694915771484,38.86750030517578,39.01499938964844,38.68000030517578,38.98500061035156,80194000
2017-05-17,34.8914794921875,37.5625,38.64250183105469,37.4275016784668,38.400001525878906,203070800
2017-05-18,35.423282623291016,38.1349983215332,38.334999084472656,37.782501220703125,37.817501068115234,134272800
2017-05-19,35.54403305053711,38.26499938964844,38.494998931884766,38.157501220703125,38.345001220703125,107843200
2017-05-22,35.760005950927734,38.497501373291016,38.64500045776367,38.227500915527344,38.5,91865600
2017-05-23,35.715885162353516,38.45000076293945,38.724998474121094,38.32749938964844,38.724998474121094,79675600
2017-05-24,35.60906219482422,38.334999084472656,38.54249954223633,38.16749954223633,38.459999084472656,76712000
2017-05-25,35.73214340209961,38.467498779296875,38.587501525878906,38.25749969482422,38.432498931884766,76942400
2017-05-26,35.67176055908203,38.40250015258789,38.560001373291016,38.32749938964844,38.5,87710400
2017-05-30,35.685707092285156,38.41749954223633,38.60749816894531,38.33250045776367,38.35499954223633,80507600
2017-05-31,35.474369049072266,38.189998626708984,38.54249954223633,38.095001220703125,38.49250030517578,97804800
2017-06-01,35.571903228759766,38.29499816894531,38.33250045776367,38.05500030517578,38.29249954223633,65616400
2017-06-02,36.09903335571289,38.86249923706055,38.86249923706055,38.22249984741211,38.39500045776367,111082800
2017-06-05,35.74605941772461,38.48249816894531,38.61249923706055,38.3650016784668,38.584999084472656,101326800
2017-06-06,35.866825103759766,38.61249923706055,38.95249938964844,38.44499969482422,38.474998474121094,106499600
2017-06-07,36.080482482910156,38.842498779296875,38.994998931884766,38.619998931884766,38.755001068115234,84278400
2017-06-08,35.992225646972656,38.747501373291016,38.8849983215332,38.599998474121094,38.8125,85003200
2017-06-09,34.5965690612793,37.244998931884766,38.79750061035156,36.505001068115234,38.79750061035156,259530800
2017-06-12,33.76985168457031,36.35499954223633,36.522499084472656,35.627498626708984,36.435001373291016,289229200
2017-06-13,34.04153823852539,36.647499084472656,36.86249923706055,36.287498474121094,36.790000915527344,136661600
2017-06-14,33.709468841552734,36.290000915527344,36.875,35.959999084472656,36.875,126124800
2017-06-15,33.5074348449707,36.0724983215332,36.119998931884766,35.5525016784668,35.83000183105469,128661600
2017-06-16,33.03835678100586,35.567501068115234,36.125,35.54999923706055,35.94499969482422,201444400
2017-06-19,33.983489990234375,36.584999084472656,36.685001373291016,35.915000915527344,35.915000915527344,130165600
2017-06-20,33.674644470214844,36.252498626708984,36.717498779296875,36.23500061035156,36.717498779296875,99600400
2017-06-21,33.874359130859375,36.467498779296875,36.51750183105469,36.15250015258789,36.380001068115234,85063200
2017-06-22,33.81862258911133,36.407501220703125,36.67499923706055,36.279998779296875,36.442501068115234,76425200
2017-06-23,33.96957015991211,36.56999969482422,36.790000915527344,36.27750015258789,36.282501220703125,141757600
2017-06-26,33.86274337768555,36.45500183105469,37.06999969482422,36.345001220703125,36.79249954223633,102769600
2017-06-27,33.37738800048828,35.932498931884766,36.540000915527344,35.904998779296875,36.252498626708984,99047600
2017-06-28,33.86505889892578,36.45750045776367,36.52750015258789,35.790000915527344,36.122501373291016,88329600
2017-06-29,33.36577606201172,35.91999816894531,36.282501220703125,35.56999969482422,36.1775016784668,125997600
2017-06-30,33.444740295410156,36.005001068115234,36.2400016784668,35.94499969482422,36.11249923706055,92096400
2017-07-03,33.3239860534668,35.875,36.32500076293945,35.775001525878906,36.220001220703125,57111200
2017-07-05,33.46099090576172,36.022499084472656,36.1974983215332,35.68000030517578,35.92250061035156,86278400
2017-07-06,33.14516830444336,35.682498931884766,35.875,35.602500915527344,35.755001068115234,96515200
2017-07-07,33.481895446777344,36.04499816894531,36.1875,35.724998474121094,35.724998474121094,76806800
2017-07-10,33.686256408691406,36.26499938964844,36.48749923706055,35.842498779296875,36.02750015258789,84362400
2017-07-11,33.7953987121582,36.38249969482422,36.462501525878906,36.095001220703125,36.182498931884766,79127200
2017-07-12,33.84415817260742,36.435001373291016,36.54499816894531,36.20500183105469,36.467498779296875,99538000
2017-07-13,34.315582275390625,36.942501068115234,37.122501373291016,36.36000061035156,36.375,100797600
2017-07-14,34.610504150390625,37.2599983215332,37.33250045776367,36.83250045776367,36.99250030517578,80528400
2017-07-17,34.73126220703125,37.38999938964844,37.724998474121094,37.14250183105469,37.20500183105469,95174000
2017-07-18,34.852012634277344,37.52000045776367,37.532501220703125,37.16749954223633,37.29999923706055,71475200
2017-07-19,35.0703010559082,37.755001068115234,37.85499954223633,37.48749923706055,37.619998931884766,83692000
2017-07-20,34.91238784790039,37.584999084472656,37.935001373291016,37.54750061035156,37.875,68974800
2017-07-21,34.89613723754883,37.567501068115234,37.61000061035156,37.220001220703125,37.497501373291016,105010400
2017-07-24,35.318782806396484,38.022499084472656,38.11000061035156,37.474998474121094,37.64500045776367,85972800
2017-07-25,35.469722747802734,38.185001373291016,38.459999084472656,37.95000076293945,37.95000076293945,75415600
2017-07-26,35.63693618774414,38.3650016784668,38.48249816894531,38.26499938964844,38.337501525878906,63124000
2017-07-27,34.96348571777344,37.63999938964844,38.497501373291016,36.82500076293945,38.4375,129905200
2017-07-28,34.71733093261719,37.375,37.557498931884766,37.29750061035156,37.47249984741211,68854800
2017-07-31,34.53850555419922,37.182498931884766,37.58250045776367,37.032501220703125,37.474998474121094,79383600
2017-08-01,34.845054626464844,37.51250076293945,37.55500030517578,37.102500915527344,37.275001525878906,141474400
2017-08-02,36.49150848388672,39.28499984741211,39.9375,39.040000915527344,39.81999969482422,279747200
2017-08-03,36.12691879272461,38.89250183105469,39.3025016784668,38.755001068115234,39.26250076293945,108389200
2017-08-04,36.317344665527344,39.09749984741211,39.349998474121094,38.92250061035156,39.01750183105469,82239600
2017-08-07,36.87932205200195,39.70249938964844,39.72999954223633,39.16749954223633,39.26499938964844,87481200
2017-08-08,37.17424392700195,40.02000045776367,40.45750045776367,39.567501068115234,39.650001525878906,144823600
2017-08-09,37.40182876586914,40.26499938964844,40.317501068115234,39.77750015258789,39.814998626708984,104526000
2017-08-10,36.21049499511719,38.83000183105469,40.0,38.657501220703125,39.974998474121094,163217200
2017-08-11,36.714073181152344,39.369998931884766,39.64250183105469,39.01750183105469,39.150001525878906,105028400
2017-08-14,37.266605377197266,39.962501525878906,40.0525016784668,39.6875,39.83000183105469,88490800
2017-08-15,37.674591064453125,40.400001525878906,40.54999923706055,40.03499984741211,40.165000915527344,117862000
2017-08-16,37.52305603027344,40.23749923706055,40.627498626708984,40.037498474121094,40.48500061035156,110686400
2017-08-17,36.80265808105469,39.46500015258789,40.1775016784668,39.459999084472656,40.130001068115234,111762400
2017-08-18,36.71874237060547,39.375,39.875,39.18000030517578,39.46500015258789,109712400
2017-08-21,36.65114212036133,39.3025016784668,39.47249984741211,38.77750015258789,39.375,105474000
2017-08-22,37.250282287597656,39.94499969482422,40.0,39.505001068115234,39.557498931884766,86418400
2017-08-23,37.296905517578125,39.994998931884766,40.11750030517578,39.720001220703125,39.76750183105469,77596400
2017-08-24,37.131370544433594,39.817501068115234,40.185001373291016,39.63750076293945,40.10749816894531,79275600
2017-08-25,37.26893615722656,39.96500015258789,40.13999938964844,39.817501068115234,39.912498474121094,101920400
2017-08-28,37.644283294677734,40.36750030517578,40.5,39.98249816894531,40.03499984741211,103864000
2017-08-29,37.9799919128418,40.727500915527344,40.779998779296875,40.0,40.025001525878906,118067600
2017-08-30,38.082576751708984,40.837501525878906,40.97249984741211,40.65250015258789,40.95000076293945,109078400
2017-08-31,38.234107971191406,41.0,41.130001068115234,40.869998931884766,40.90999984741211,107140400
2017-09-01,38.24576950073242,41.01250076293945,41.23500061035156,40.907501220703125,41.20000076293945,66364400
2017-09-05,37.7864875793457,40.52000045776367,41.0625,40.13999938964844,40.9375,117874000
2017-09-06,37.746864318847656,40.477500915527344,40.747501373291016,40.130001068115234,40.6775016784668,86606800
2017-09-07,37.59532165527344,40.314998626708984,40.560001373291016,40.09000015258789,40.522499084472656,87714000
2017-09-08,36.98218536376953,39.657501220703125,40.287498474121094,39.63249969482422,40.21500015258789,114446000
2017-09-11,37.65127944946289,40.375,40.51250076293945,39.97249984741211,40.125,126323200
2017-09-12,37.50205993652344,40.21500015258789,40.9900016784668,39.692501068115234,40.65250015258789,286856000
2017-09-13,37.21997833251953,39.912498474121094,39.9900016784668,39.477500915527344,39.967498779296875,179629600
2017-09-14,36.90057373046875,39.56999969482422,39.849998474121094,39.522499084472656,39.747501373291016,95042800
2017-09-15,37.27359390258789,39.970001220703125,40.24250030517578,39.5,39.61750030517578,196458400
2017-09-18,36.991512298583984,39.66749954223633,40.125,39.5,40.02750015258789,113077600
2017-09-19,37.00548553466797,39.682498931884766,39.942501068115234,39.61000061035156,39.877498626708984,83242400
2017-09-20,36.38534927368164,39.01750183105469,39.564998626708984,38.45750045776367,39.474998474121094,211805600
2017-09-21,35.76054763793945,38.34749984741211,38.95000076293945,38.1875,38.95000076293945,150046800
2017-09-22,35.41083908081055,37.97249984741211,38.067501068115234,37.63999938964844,37.8849983215332,186581600
2017-09-25,35.09845733642578,37.63750076293945,37.95750045776367,37.290000915527344,37.497501373291016,177549200
2017-09-26,35.702266693115234,38.28499984741211,38.47999954223633,37.92250061035156,37.94499969482422,146640000
2017-09-27,35.956382751464844,38.557498931884766,38.68000030517578,38.3849983215332,38.45000076293945,102016800
2017-09-28,35.73490905761719,38.31999969482422,38.56999969482422,38.17499923706055,38.47249984741211,88022000
2017-09-29,35.93073272705078,38.529998779296875,38.532501220703125,38.0,38.3025016784668,105199200
2017-10-02,35.858463287353516,38.45249938964844,38.61249923706055,38.18000030517578,38.564998626708984,74795200
2017-10-03,36.014678955078125,38.619998931884766,38.772499084472656,38.477500915527344,38.502498626708984,64921200
2017-10-04,35.78153991699219,38.369998931884766,38.46500015258789,38.1150016784668,38.407501220703125,80655200
2017-10-05,36.2268180847168,38.84749984741211,38.86000061035156,38.51250076293945,38.54499816894531,85135200
2017-10-06,36.205841064453125,38.82500076293945,38.872501373291016,38.63999938964844,38.74250030517578,69630400
2017-10-09,36.33174133300781,38.959999084472656,39.182498931884766,38.872501373291016,38.95249938964844,65051600
2017-10-10,36.3457145690918,38.974998474121094,39.5,38.775001525878906,39.01499938964844,62468000
2017-10-11,36.497257232666016,39.13750076293945,39.244998931884766,38.9375,38.99250030517578,67622400
2017-10-12,36.369041442871094,39.0,39.342498779296875,38.932498931884766,39.087501525878906,64500400
2017-10-13,36.599830627441406,39.247501373291016,39.31999969482422,39.102500915527344,39.182498931884766,65576800
2017-10-16,37.27359390258789,39.970001220703125,40.0,39.412498474121094,39.474998474121094,96486000
2017-10-17,37.41114044189453,40.11750030517578,40.217498779296875,39.807498931884766,39.94499969482422,75989200
2017-10-18,37.245609283447266,39.939998626708984,40.1775016784668,39.900001525878906,40.10499954223633,65496800
2017-10-19,36.36437225341797,38.994998931884766,39.27000045776367,38.755001068115234,39.1875,170336800
2017-10-20,36.42732238769531,39.0625,39.4375,38.9900016784668,39.15250015258789,95896400
2017-10-23,36.40866470336914,39.04249954223633,39.42250061035156,38.875,39.22249984741211,87937200
2017-10-24,36.625484466552734,39.275001525878906,39.35499954223633,39.04999923706055,39.0724983215332,71028800
2017-10-25,36.464622497558594,39.102500915527344,39.38750076293945,38.817501068115234,39.227500915527344,84828400
2017-10-26,36.69775390625,39.352500915527344,39.45750045776367,39.19499969482422,39.307498931884766,68002000
2017-10-27,38.01263427734375,40.76250076293945,40.900001525878906,39.67499923706055,39.8224983215332,177816800
2017-10-30,38.86823654174805,41.68000030517578,42.01750183105469,40.93000030517578,40.97249984741211,178803200
2017-10-31,39.40910339355469,42.2599983215332,42.412498474121094,41.73500061035156,41.974998474121094,144187200
2017-11-01,38.90786361694336,41.72249984741211,42.48500061035156,41.40250015258789,42.467498779296875,134551200
2017-11-02,39.19229507446289,42.02750015258789,42.125,41.31999969482422,41.650001525878906,165573600
2017-11-03,40.215763092041016,43.125,43.564998626708984,42.779998779296875,43.5,237594400
2017-11-06,40.62374496459961,43.5625,43.747501373291016,42.93000030517578,43.092498779296875,140105200
2017-11-07,40.754295349121094,43.70249938964844,43.8125,43.400001525878906,43.477500915527344,97446000
2017-11-08,41.08768844604492,44.060001373291016,44.060001373291016,43.58250045776367,43.665000915527344,97638000
2017-11-09,41.00374984741211,43.970001220703125,44.025001525878906,43.28499984741211,43.77750015258789,117930400
2017-11-10,40.868045806884766,43.66749954223633,43.845001220703125,43.567501068115234,43.77750015258789,100582000
2017-11-13,40.70426940917969,43.49250030517578,43.625,43.349998474121094,43.375,67928400
2017-11-14,40.08891677856445,42.834999084472656,43.369998931884766,42.79499816894531,43.2599983215332,99130000
2017-11-15,39.56013488769531,42.27000045776367,42.58000183105469,42.095001220703125,42.49250030517578,116632400
2017-11-16,40.032772064208984,42.775001525878906,42.967498779296875,42.57500076293945,42.79499816894531,94550000
2017-11-17,39.810489654541016,42.537498474121094,42.84749984741211,42.40999984741211,42.7599983215332,87598000
2017-11-20,39.77071762084961,42.494998931884766,42.63999938964844,42.38999938964844,42.5724983215332,65049600
2017-11-21,40.51005554199219,43.28499984741211,43.42499923706055,42.69499969482422,42.69499969482422,100525200
2017-11-22,40.935916900634766,43.7400016784668,43.75,43.26250076293945,43.34000015258789,102355600
2017-11-24,40.93824768066406,43.74250030517578,43.875,43.662498474121094,43.775001525878906,56106800
2017-11-27,40.73234939575195,43.522499084472656,43.77000045776367,43.334999084472656,43.76250076293945,82867200
2017-11-28,40.49369430541992,43.26750183105469,43.717498779296875,42.96500015258789,43.57500076293945,105715200
2017-11-29,39.65373229980469,42.369998931884766,43.22999954223633,41.790000915527344,43.157501220703125,166665600
2017-11-30,40.20824432373047,42.962501525878906,43.03499984741211,42.11000061035156,42.60749816894531,166108800
2017-12-01,40.021053314208984,42.76250076293945,42.91749954223633,42.125,42.48749923706055,159037200
2017-12-04,39.72859573364258,42.45000076293945,43.154998779296875,42.407501220703125,43.119998931884766,130169600
2017-12-05,39.6911735534668,42.40999984741211,42.880001068115234,42.099998474121094,42.26499938964844,109400800
2017-12-06,39.54376983642578,42.252498626708984,42.54999923706055,41.6150016784668,41.875,114240000
2017-12-07,39.616294860839844,42.33000183105469,42.61000061035156,42.227500915527344,42.25749969482422,102693200
2017-12-08,39.62799835205078,42.342498779296875,42.75,42.20500183105469,42.622501373291016,93420800
2017-12-11,40.400115966796875,43.16749954223633,43.22249984741211,42.1974983215332,42.29999923706055,141095200
2017-12-12,40.17314529418945,42.92499923706055,43.09749984741211,42.8650016784668,43.037498474121094,77636800
2017-12-13,40.3065185546875,43.067501068115234,43.3849983215332,43.0,43.125,95273600
2017-12-14,40.2948112487793,43.05500030517578,43.282501220703125,42.912498474121094,43.099998474121094,81906000
2017-12-15,40.70426940917969,43.49250030517578,43.54249954223633,43.1150016784668,43.407501220703125,160677200
2017-12-18,41.277503967285156,44.10499954223633,44.29999923706055,43.71500015258789,43.720001220703125,117684400
2017-12-19,40.837642669677734,43.6349983215332,43.84749984741211,43.522499084472656,43.75749969482422,109745600
2017-12-20,40.793174743652344,43.587501525878906,43.85499954223633,43.3125,43.717498779296875,93902400
2017-12-21,40.94759750366211,43.752498626708984,44.005001068115234,43.525001525878906,43.54249954223633,83799600
2017-12-22,40.94759750366211,43.752498626708984,43.85499954223633,43.625,43.66999816894531,65397600
2017-12-26,39.90876770019531,42.64250183105469,42.86750030517578,42.41999816894531,42.70000076293945,132742000
2017-12-27,39.9157829284668,42.650001525878906,42.69499969482422,42.4275016784668,42.525001525878906,85992800
2017-12-28,40.02809524536133,42.77000045776367,42.962501525878906,42.619998931884766,42.75,65920800
2017-12-29,39.59523391723633,42.307498931884766,42.647499084472656,42.30500030517578,42.630001068115234,103999600
2018-01-02,40.304168701171875,43.064998626708984,43.07500076293945,42.314998626708984,42.540000915527344,102223600
2018-01-03,40.297142028808594,43.057498931884766,43.63750076293945,42.9900016784668,43.13249969482422,118071600
2018-01-04,40.48433303833008,43.25749969482422,43.36750030517578,43.02000045776367,43.1349983215332,89738400
2018-01-05,40.94526290893555,43.75,43.842498779296875,43.26250076293945,43.36000061035156,94640000
2018-01-08,40.793174743652344,43.587501525878906,43.90250015258789,43.48249816894531,43.587501525878906,82271200
2018-01-09,40.78852081298828,43.58250045776367,43.76499938964844,43.352500915527344,43.63750076293945,86336000
2018-01-10,40.779144287109375,43.5724983215332,43.57500076293945,43.25,43.290000915527344,95839600
2018-01-11,41.010780334472656,43.81999969482422,43.872501373291016,43.622501373291016,43.647499084472656,74670800
2018-01-12,41.43427276611328,44.272499084472656,44.34000015258789,43.912498474121094,44.04499816894531,101672400
2018-01-16,41.22369384765625,44.04750061035156,44.84749984741211,44.03499984741211,44.474998474121094,118263600
2018-01-17,41.90454864501953,44.775001525878906,44.8125,43.76750183105469,44.037498474121094,137547200
2018-01-18,41.941986083984375,44.814998626708984,45.025001525878906,44.5625,44.842498779296875,124773600
2018-01-19,41.75481033325195,44.6150016784668,44.89500045776367,44.352500915527344,44.65250015258789,129700400
2018-01-22,41.4132080078125,44.25,44.44499969482422,44.150001525878906,44.32500076293945,108434400
2018-01-23,41.42256546020508,44.2599983215332,44.86000061035156,44.20500183105469,44.32500076293945,130756400
2018-01-24,40.76277542114258,43.55500030517578,44.32500076293945,43.29999923706055,44.3125,204420400
2018-01-25,40.03510665893555,42.77750015258789,43.73749923706055,42.63249969482422,43.627498626708984,166116000
2018-01-26,40.12867736816406,42.877498626708984,43.0,42.51499938964844,43.0,156572000
2018-01-29,39.298095703125,41.9900016784668,42.540000915527344,41.76750183105469,42.540000915527344,202561600
2018-01-30,39.066463470458984,41.74250030517578,41.842498779296875,41.17499923706055,41.38249969482422,184192800
2018-01-31,39.174076080322266,41.85749816894531,42.11000061035156,41.625,41.717498779296875,129915600
2018-02-01,39.25596618652344,41.94499969482422,42.154998779296875,41.689998626708984,41.79249954223633,188923200
2018-02-02,37.55265426635742,40.125,41.70000076293945,40.025001525878906,41.5,346375200
2018-02-05,36.61442184448242,39.122501373291016,40.970001220703125,39.0,39.775001525878906,290954000
2018-02-06,38.144615173339844,40.75749969482422,40.93000030517578,38.5,38.70750045776367,272975200
2018-02-07,37.328033447265625,39.8849983215332,40.849998474121094,39.76750183105469,40.772499084472656,206434400
2018-02-08,36.30088806152344,38.787498474121094,40.25,38.75749969482422,40.0724983215332,217562000
2018-02-09,36.74491500854492,39.102500915527344,39.47249984741211,37.560001373291016,39.26750183105469,282690400
2018-02-12,38.224952697753906,40.6775016784668,40.97249984741211,39.377498626708984,39.625,243278000
2018-02-13,38.607879638671875,41.084999084472656,41.1875,40.412498474121094,40.48749923706055,130196800
2018-02-14,39.31971740722656,41.842498779296875,41.8849983215332,40.720001220703125,40.7599983215332,162579600
2018-02-15,40.63999938964844,43.247501373291016,43.272499084472656,42.25,42.4474983215332,204588800
2018-02-16,40.50844192504883,43.10749816894531,43.70500183105469,42.942501068115234,43.09000015258789,160704400
2018-02-20,40.37218475341797,42.962501525878906,43.564998626708984,42.85499954223633,43.01250076293945,135722000
2018-02-21,40.18893051147461,42.76750183105469,43.529998779296875,42.752498626708984,43.20750045776367,149886400
2018-02-22,40.52488708496094,43.125,43.48749923706055,42.9275016784668,42.95000076293945,123967600
2018-02-23,41.22966766357422,43.875,43.912498474121094,43.3849983215332,43.41749954223633,135249600
2018-02-26,42.044864654541016,44.74250030517578,44.84749984741211,44.0525016784668,44.087501525878906,152648800
2018-02-27,41.908607482910156,44.59749984741211,45.119998931884766,44.540000915527344,44.775001525878906,155712400
2018-02-28,41.84516906738281,44.529998779296875,45.154998779296875,44.51250076293945,44.814998626708984,151128400
2018-03-01,41.112205505371094,43.75,44.94499969482422,43.165000915527344,44.6349983215332,195208000
2018-03-02,41.39646530151367,44.0525016784668,44.07500076293945,43.11249923706055,43.20000076293945,153816000
2018-03-05,41.539772033691406,44.20500183105469,44.435001373291016,43.630001068115234,43.8025016784668,113605600
2018-03-06,41.5045280456543,44.16749954223633,44.5625,44.032501220703125,44.477500915527344,95154000
2018-03-07,41.11923599243164,43.75749969482422,43.962501525878906,43.567501068115234,43.73500061035156,126814000
2018-03-08,41.56795120239258,44.23500061035156,44.279998779296875,43.76750183105469,43.869998931884766,95096400
2018-03-09,42.28213119506836,44.994998931884766,45.0,44.34749984741211,44.4900016784668,128740800
2018-03-12,42.690914154052734,45.43000030517578,45.59749984741211,45.0525016784668,45.0724983215332,128828400
2018-03-13,42.279788970947266,44.99250030517578,45.875,44.810001373291016,45.647499084472656,126774000
2018-03-14,41.92034912109375,44.61000061035156,45.130001068115234,44.45249938964844,45.08000183105469,117473600
2018-03-15,41.96967697143555,44.662498474121094,45.060001373291016,44.51750183105469,44.625,90975200
2018-03-16,41.82168960571289,44.505001068115234,44.779998779296875,44.404998779296875,44.662498474121094,157618800
2018-03-19,41.182674407958984,43.82500076293945,44.36750030517578,43.415000915527344,44.33000183105469,133787200
2018-03-20,41.168582916259766,43.810001373291016,44.20000076293945,43.73500061035156,43.810001373291016,78597600
2018-03-21,40.235931396484375,42.817501068115234,43.772499084472656,42.814998626708984,43.7599983215332,148219600
2018-03-22,39.66740798950195,42.212501525878906,43.16999816894531,42.150001525878906,42.5,165963200
2018-03-23,38.748836517333984,41.23500061035156,42.47999954223633,41.23500061035156,42.09749984741211,164115200
2018-03-26,40.588321685791016,43.192501068115234,43.275001525878906,41.61000061035156,42.01750183105469,150164800
2018-03-27,39.547569274902344,42.084999084472656,43.787498474121094,41.72999954223633,43.41999816894531,163690400
2018-03-28,39.11062240600586,41.619998931884766,42.505001068115234,41.29750061035156,41.8125,166674000
2018-03-29,39.416011810302734,41.94499969482422,42.9375,41.724998474121094,41.95249938964844,153594000
2018-04-02,39.15760803222656,41.66999816894531,42.23500061035156,41.11750030517578,41.65999984741211,150347200
2018-04-03,39.55934524536133,42.09749984741211,42.1875,41.220001220703125,41.90999984741211,121112000
2018-04-04,40.3157958984375,42.90250015258789,43.002498626708984,41.192501068115234,41.220001220703125,138422000
2018-04-05,40.595367431640625,43.20000076293945,43.557498931884766,43.02000045776367,43.14500045776367,107732800
2018-04-06,39.55699157714844,42.095001220703125,43.119998931884766,42.04999923706055,42.74250030517578,140021200
2018-04-09,39.94930648803711,42.51250076293945,43.272499084472656,42.462501525878906,42.470001220703125,116070800
2018-04-10,40.701072692871094,43.3125,43.5,42.88249969482422,43.25,113634400
2018-04-11,40.510799407958984,43.11000061035156,43.47999954223633,42.92499923706055,43.057498931884766,89726400
2018-04-12,40.91017150878906,43.53499984741211,43.75,43.2599983215332,43.352500915527344,91557200
2018-04-13,41.04876708984375,43.682498931884766,43.959999084472656,43.462501525878906,43.69499969482422,100497200
2018-04-16,41.30482482910156,43.95500183105469,44.04750061035156,43.70750045776367,43.75749969482422,86313600
2018-04-17,41.87337112426758,44.560001373291016,44.73500061035156,44.102500915527344,44.122501373291016,106421600
2018-04-18,41.77939224243164,44.459999084472656,44.70500183105469,44.220001220703125,44.45249938964844,83018000
2018-04-19,40.595367431640625,43.20000076293945,43.84749984741211,43.165000915527344,43.439998626708984,139235200
2018-04-20,38.93206787109375,41.43000030517578,42.80500030517578,41.35749816894531,42.650001525878906,261964400
2018-04-23,38.81931686401367,41.310001373291016,41.72999954223633,41.022499084472656,41.70750045776367,146062000
2018-04-24,38.27898406982422,40.73500061035156,41.58250045776367,40.30500030517578,41.41749954223633,134768000
2018-04-25,38.445770263671875,40.912498474121094,41.35499954223633,40.602500915527344,40.654998779296875,113528400
2018-04-26,38.57968521118164,41.05500030517578,41.432498931884766,40.842498779296875,41.029998779296875,111852000
2018-04-27,38.13333511352539,40.58000183105469,41.08250045776367,40.157501220703125,41.0,142623200
2018-04-30,38.824012756347656,41.314998626708984,41.814998626708984,40.459999084472656,40.532501220703125,169709600
2018-05-01,39.726131439208984,42.275001525878906,42.29999923706055,41.317501068115234,41.602500915527344,214277600
2018-05-02,41.481040954589844,44.14250183105469,44.4375,43.45000076293945,43.807498931884766,266157600
2018-05-03,41.556217193603516,44.22249984741211,44.375,43.61000061035156,43.970001220703125,136272800
2018-05-04,43.186607360839844,45.95750045776367,46.0625,44.54249954223633,44.5625,224805200
2018-05-07,43.49906539916992,46.290000915527344,46.91749954223633,46.1875,46.29499816894531,169805600
2018-05-08,43.70814514160156,46.51250076293945,46.55500030517578,45.91749954223633,46.247501373291016,113611200
2018-05-09,44.015899658203125,46.84000015258789,46.849998474121094,46.30500030517578,46.63750076293945,92844800
2018-05-10,44.6454963684082,47.5099983215332,47.592498779296875,46.912498474121094,46.935001373291016,111957200
2018-05-11,44.47570037841797,47.147499084472656,47.51499938964844,46.86249923706055,47.372501373291016,104848800
2018-05-14,44.37193298339844,47.037498474121094,47.38249969482422,46.96500015258789,47.252498626708984,83115200
2018-05-15,43.96865463256836,46.61000061035156,46.76750183105469,46.275001525878906,46.69499969482422,94780800
2018-05-16,44.379005432128906,47.04499816894531,47.1150016784668,46.5,46.51750183105469,76732400
2018-05-17,44.09836196899414,46.747501373291016,47.227500915527344,46.59000015258789,47.0,69176000
2018-05-18,43.93799591064453,46.57749938964844,46.95249938964844,46.532501220703125,46.79750061035156,73190800
2018-05-21,44.24930953979492,46.907501220703125,47.317501068115234,46.727500915527344,47.0,73603200
2018-05-22,44.138465881347656,46.790000915527344,47.220001220703125,46.69499969482422,47.095001220703125,60962800
2018-05-23,44.42146301269531,47.09000015258789,47.125,46.439998626708984,46.587501525878906,80233600
2018-05-24,44.37193298339844,47.037498474121094,47.209999084472656,46.5525016784668,47.192501068115234,92936000
2018-05-25,44.473350524902344,47.14500045776367,47.412498474121094,46.912498474121094,47.057498931884766,69844000
2018-05-29,44.31296920776367,46.974998474121094,47.1875,46.717498779296875,46.900001525878906,90056400
2018-05-30,44.21864318847656,46.875,47.0,46.69499969482422,46.93000030517578,74762000
2018-05-31,44.07006072998047,46.717498779296875,47.057498931884766,46.53499984741211,46.80500030517578,109931200
2018-06-01,44.86482238769531,47.560001373291016,47.564998626708984,46.9375,46.997501373291016,93770000
2018-06-04,45.239803314208984,47.95750045776367,48.35499954223633,47.837501525878906,47.90999984741211,105064800
2018-06-05,45.58884048461914,48.32749938964844,48.48500061035156,48.09000015258789,48.26750183105469,86264000
2018-06-06,45.74684143066406,48.494998931884766,48.52000045776367,47.97999954223633,48.407501220703125,83734400
2018-06-07,45.624210357666016,48.3650016784668,48.54999923706055,48.084999084472656,48.53499984741211,85388800
2018-06-08,45.20914840698242,47.92499923706055,48.0,47.442501068115234,47.79249954223633,106627200
2018-06-11,45.09830093383789,47.807498931884766,47.99250030517578,47.5525016784668,47.837501525878906,73234000
2018-06-12,45.345916748046875,48.06999969482422,48.15250015258789,47.787498474121094,47.84749984741211,67644400
2018-06-13,44.973304748535156,47.67499923706055,48.220001220703125,47.61000061035156,48.10499954223633,86553600
2018-06-14,44.99687576293945,47.70000076293945,47.89250183105469,47.55500030517578,47.88750076293945,86440400
2018-06-15,44.534664154052734,47.209999084472656,47.540000915527344,47.064998626708984,47.50749969482422,246876800
2018-06-18,44.51108932495117,47.185001373291016,47.30500030517578,46.79999923706055,46.970001220703125,73939600
2018-06-19,43.791770935058594,46.42250061035156,46.58250045776367,45.86249923706055,46.28499984741211,134314000
2018-06-20,43.982810974121094,46.625,46.79999923706055,46.432498931884766,46.587501525878906,82514800
2018-06-21,43.737545013427734,46.3650016784668,47.087501525878906,46.23500061035156,46.8125,102847600
2018-06-22,43.61021041870117,46.22999954223633,46.537498474121094,46.17499923706055,46.529998779296875,108801600
2018-06-25,42.96165084838867,45.54249954223633,46.22999954223633,45.182498931884766,45.849998474121094,126652400
2018-06-26,43.494632720947266,46.10749816894531,46.63249969482422,45.6349983215332,45.747501373291016,98276800
2018-06-27,43.430973052978516,46.040000915527344,46.81999969482422,46.00749969482422,46.307498931884766,101141200
2018-06-28,43.746986389160156,46.375,46.5525016784668,45.95000076293945,46.025001525878906,69460800
2018-06-29,43.65500259399414,46.27750015258789,46.79750061035156,45.727500915527344,46.5724983215332,90950800
2018-07-02,44.1431884765625,46.79499816894531,46.82500076293945,45.85499954223633,45.95500183105469,70925200
2018-07-03,43.374359130859375,45.97999954223633,46.98749923706055,45.8849983215332,46.9474983215332,55819200
2018-07-05,43.72339630126953,46.349998474121094,46.602500915527344,46.06999969482422,46.314998626708984,66416800
2018-07-06,44.329490661621094,46.99250030517578,47.10749816894531,46.29999923706055,46.35499954223633,69940800
2018-07-09,44.94501495361328,47.64500045776367,47.66999816894531,47.32500076293945,47.375,79026400
2018-07-10,44.890769958496094,47.587501525878906,47.81999969482422,47.54499816894531,47.6775016784668,63756400
2018-07-11,44.308258056640625,46.970001220703125,47.44499969482422,46.90250015258789,47.125,75326000
2018-07-12,45.05112075805664,47.75749969482422,47.852500915527344,47.32749938964844,47.38249969482422,72164400
2018-07-13,45.12188720703125,47.83250045776367,47.959999084472656,47.724998474121094,47.77000045776367,50055600
2018-07-16,45.022830963134766,47.727500915527344,48.162498474121094,47.60499954223633,47.880001068115234,60172400
2018-07-17,45.150177001953125,47.86249923706055,47.967498779296875,47.29999923706055,47.4375,62138000
2018-07-18,44.90255355834961,47.599998474121094,47.95000076293945,47.48249816894531,47.94499969482422,65573600
2018-07-19,45.251583099365234,47.970001220703125,48.13750076293945,47.42250061035156,47.42250061035156,81147200
2018-07-20,45.1478157043457,47.86000061035156,48.10749816894531,47.54249954223633,47.94499969482422,82704800
2018-07-23,45.18791198730469,47.90250015258789,47.9900016784668,47.38999938964844,47.66999816894531,63957600
2018-07-24,45.515716552734375,48.25,48.415000915527344,48.01250076293945,48.11249923706055,74791600
2018-07-25,45.944942474365234,48.70500183105469,48.712501525878906,48.10749816894531,48.26499938964844,66839600
2018-07-26,45.80107498168945,48.5525016784668,48.9900016784668,48.40250015258789,48.65250015258789,76304000
2018-07-27,45.039337158203125,47.744998931884766,48.79750061035156,47.525001525878906,48.747501373291016,96096000
2018-07-30,44.787010192871094,47.477500915527344,48.04999923706055,47.26750183105469,47.974998474121094,84118000
2018-07-31,44.87661361694336,47.5724983215332,48.03499984741211,47.334999084472656,47.57500076293945,157492000
2018-08-01,47.520294189453125,50.375,50.439998626708984,49.32749938964844,49.782501220703125,271742800
2018-08-02,48.909358978271484,51.84749984741211,52.095001220703125,50.087501525878906,50.14500045776367,249616000
2018-08-03,49.05085372924805,51.997501373291016,52.185001373291016,51.369998931884766,51.75749969482422,133789600
2018-08-06,49.30555725097656,52.26750183105469,52.3125,51.76750183105469,52.0,101701600
2018-08-07,48.84331512451172,51.77750015258789,52.375,51.689998626708984,52.33000183105469,102349600
2018-08-08,48.876346588134766,51.8125,51.95249938964844,51.130001068115234,51.51250076293945,90102000
2018-08-09,49.2607421875,52.220001220703125,52.44499969482422,51.79999923706055,52.38249969482422,93970400
2018-08-10,49.11402130126953,51.88249969482422,52.275001525878906,51.66749954223633,51.84000015258789,98444800
2018-08-13,49.43114471435547,52.217498779296875,52.73749923706055,51.92499923706055,52.32749938964844,103563600
2018-08-14,49.639404296875,52.4375,52.63999938964844,52.064998626708984,52.540000915527344,82992000
2018-08-15,49.7553596496582,52.560001373291016,52.685001373291016,52.08250045776367,52.30500030517578,115230400
2018-08-16,50.484291076660156,53.33000183105469,53.45249938964844,52.86750030517578,52.9375,114001600
2018-08-17,51.49245071411133,54.39500045776367,54.48749923706055,53.290000915527344,53.36000061035156,141708000
2018-08-20,50.99073028564453,53.8650016784668,54.79499816894531,53.77750015258789,54.525001525878906,121150800
2018-08-21,50.89133071899414,53.7599983215332,54.29750061035156,53.50749969482422,54.20000076293945,104639200
2018-08-22,50.89369583129883,53.76250076293945,54.09000015258789,53.459999084472656,53.525001525878906,76072400
2018-08-23,50.997833251953125,53.872501373291016,54.26250076293945,53.650001525878906,53.662498474121094,75532800
2018-08-24,51.15640640258789,54.040000915527344,54.224998474121094,53.77750015258789,54.150001525878906,73905600
2018-08-27,51.57765197753906,54.48500061035156,54.685001373291016,54.08250045776367,54.287498474121094,82100400
2018-08-28,51.994178771972656,54.92499923706055,55.1349983215332,54.72999954223633,54.752498626708984,91107200
2018-08-29,52.77040481567383,55.744998931884766,55.872501373291016,54.852500915527344,55.037498474121094,109019200
2018-08-30,53.25557327270508,56.25749969482422,57.064998626708984,55.599998474121094,55.8125,195175200
2018-08-31,53.870872497558594,56.907501220703125,57.217498779296875,56.5,56.627498626708984,173360400
2018-09-04,54.04364013671875,57.09000015258789,57.29499816894531,56.657501220703125,57.102500915527344,109560400
2018-09-05,53.69102096557617,56.717498779296875,57.41749954223633,56.275001525878906,57.247501373291016,133332000
2018-09-06,52.798805236816406,55.775001525878906,56.837501525878906,55.32500076293945,56.557498931884766,137160000
2018-09-07,52.372833251953125,55.32500076293945,56.342498779296875,55.1775016784668,55.462501525878906,150479200
2018-09-10,51.66994857788086,54.58250045776367,55.462501525878906,54.11750030517578,55.23749923706055,158066000
2018-09-11,52.97630310058594,55.962501525878906,56.07500076293945,54.13999938964844,54.502498626708984,142996000
2018-09-12,52.318397521972656,55.26750183105469,56.25,54.959999084472656,56.23500061035156,197114800
2018-09-13,53.58216094970703,56.602500915527344,57.087501525878906,55.64250183105469,55.880001068115234,166825600
2018-09-14,52.973941802978516,55.959999084472656,56.709999084472656,55.630001068115234,56.4375,127997200
2018-09-17,51.563446044921875,54.470001220703125,55.73749923706055,54.317501068115234,55.537498474121094,148780400
2018-09-18,51.648643493652344,54.560001373291016,55.462501525878906,54.279998779296875,54.4474983215332,126286800
2018-09-19,51.679412841796875,54.592498779296875,54.904998779296875,53.82500076293945,54.625,108495200
2018-09-20,52.0722770690918,55.00749969482422,55.56999969482422,54.787498474121094,55.060001373291016,106435200
2018-09-21,51.51137161254883,54.415000915527344,55.34000015258789,54.3224983215332,55.19499969482422,384986800
2018-09-24,52.25213623046875,55.1974983215332,55.314998626708984,54.157501220703125,54.20500183105469,110773600
2018-09-25,52.58345413208008,55.54750061035156,55.70500183105469,54.92499923706055,54.9375,98217600
2018-09-26,52.16456604003906,55.10499954223633,55.9375,54.939998626708984,55.25,95938800
2018-09-27,53.23662567138672,56.23749923706055,56.61000061035156,55.8849983215332,55.95500183105469,120724800
2018-09-28,53.423583984375,56.435001373291016,56.459999084472656,56.005001068115234,56.1974983215332,91717600
2018-10-01,53.78330993652344,56.814998626708984,57.35499954223633,56.587501525878906,56.98749923706055,94403200
2018-10-02,54.26136779785156,57.31999969482422,57.5,56.657501220703125,56.8125,99152800
2018-10-03,54.92164611816406,58.01750183105469,58.36750030517578,57.44499969482422,57.51250076293945,114619200
2018-10-04,53.956085205078125,56.997501373291016,58.087501525878906,56.682498931884766,57.69499969482422,128168000
2018-10-05,53.08043670654297,56.0724983215332,57.102500915527344,55.14500045776367,56.9900016784668,134322000
2018-10-08,52.95737838745117,55.942501068115234,56.20000076293945,55.04999923706055,55.5525016784668,118655600
2018-10-09,53.69102096557617,56.717498779296875,56.817501068115234,55.5625,55.90999984741211,107564000
2018-10-10,51.2037239074707,54.09000015258789,56.587501525878906,54.01250076293945,56.3650016784668,167962400
2018-10-11,50.751708984375,53.61249923706055,54.875,53.08000183105469,53.630001068115234,212497600
2018-10-12,52.564517974853516,55.52750015258789,55.720001220703125,54.209999084472656,55.10499954223633,161351600
2018-10-15,51.44038009643555,54.34000015258789,55.45750045776367,54.317501068115234,55.290000915527344,123164000
2018-10-16,52.57398223876953,55.537498474121094,55.747501373291016,54.189998626708984,54.73249816894531,116736000
2018-10-17,52.34678649902344,55.29750061035156,55.65999984741211,54.834999084472656,55.57500076293945,91541600
2018-10-18,51.12326431274414,54.005001068115234,54.935001373291016,53.25,54.46500015258789,130325200
2018-10-19,51.90187454223633,54.82749938964844,55.314998626708984,54.35749816894531,54.51499938964844,132314800
2018-10-22,52.218994140625,55.162498474121094,55.84000015258789,54.73500061035156,54.9474983215332,115168400
2018-10-23,52.711246490478516,55.682498931884766,55.8125,53.67499923706055,53.95750045776367,155071200
2018-10-24,50.903175354003906,53.772499084472656,56.057498931884766,53.6349983215332,55.650001525878906,163702000
2018-10-25,52.01782989501953,54.95000076293945,55.345001220703125,54.1875,54.4275016784668,119423200
2018-10-26,51.18952560424805,54.07500076293945,55.04750061035156,53.16749954223633,53.974998474121094,189033600
2018-10-29,50.22869110107422,53.060001373291016,54.92250061035156,51.522499084472656,54.79750061035156,183742000
2018-10-30,50.47955322265625,53.32500076293945,53.79499816894531,52.317501068115234,52.787498474121094,146640000
2018-10-31,51.795372009277344,54.71500015258789,55.11249923706055,54.154998779296875,54.220001220703125,153435600
2018-11-01,52.59054183959961,55.55500030517578,55.59000015258789,54.20249938964844,54.76250076293945,233292800
2018-11-02,49.10219955444336,51.869998931884766,53.412498474121094,51.35749816894531,52.38750076293945,365314800
2018-11-05,47.70825958251953,50.397499084472656,51.09749984741211,49.54249954223633,51.07500076293945,264654800
2018-11-06,48.22418212890625,50.942501068115234,51.18000030517578,50.42250061035156,50.47999954223633,127531600
2018-11-07,49.68672561645508,52.48749923706055,52.51499938964844,51.032501220703125,51.49250030517578,133697600
2018-11-08,49.513389587402344,52.122501373291016,52.529998779296875,51.6875,52.494998931884766,101450400
2018-11-09,48.558677673339844,51.11750030517578,51.502498626708984,50.5625,51.38750076293945,137463200
2018-11-12,46.11256790161133,48.54249954223633,49.962501525878906,48.4474983215332,49.75,204542000
2018-11-13,45.651859283447266,48.057498931884766,49.29499816894531,47.86249923706055,47.907501220703125,187531600
2018-11-14,44.362308502197266,46.70000076293945,48.619998931884766,46.48249816894531,48.474998474121094,243204000
2018-11-15,45.45711898803711,47.852500915527344,47.99250030517578,46.724998474121094,47.09749984741211,185915200
2018-11-16,45.96059036254883,48.38249969482422,48.74250030517578,47.3650016784668,47.625,147713200
2018-11-19,44.13907241821289,46.46500015258789,47.67499923706055,46.247501373291016,47.5,167701200
2018-11-20,42.03019714355469,44.244998931884766,45.36750030517578,43.877498626708984,44.592498779296875,271300800
2018-11-21,41.982704162597656,44.19499969482422,45.067501068115234,44.13750076293945,44.932498931884766,124496800
2018-11-23,40.91640090942383,43.0724983215332,44.150001525878906,43.025001525878906,43.73500061035156,94496000
2018-11-26,41.469722747802734,43.654998779296875,43.73749923706055,42.564998626708984,43.560001373291016,179994000
2018-11-27,41.379486083984375,43.560001373291016,43.692501068115234,42.720001220703125,42.877498626708984,165549600
2018-11-28,42.97064971923828,45.23500061035156,45.3224983215332,43.73249816894531,44.182498931884766,184250000
2018-11-29,42.64054489135742,44.88750076293945,45.70000076293945,44.42499923706055,45.665000915527344,167080000
2018-11-30,42.41018295288086,44.64500045776367,45.08250045776367,44.25749969482422,45.0724983215332,158126000
2018-12-03,43.892093658447266,46.20500183105469,46.23500061035156,45.3025016784668,46.1150016784668,163210000
2018-12-04,41.96133041381836,44.17250061035156,45.59749984741211,44.067501068115234,45.23749923706055,165377200
2018-12-06,41.49348831176758,43.68000030517578,43.69499969482422,42.60499954223633,42.939998626708984,172393600
2018-12-07,40.01394271850586,42.122501373291016,43.622501373291016,42.07500076293945,43.372501373291016,169126400
2018-12-10,40.27755355834961,42.400001525878906,42.522499084472656,40.83250045776367,41.25,248104000
2018-12-11,40.04719161987305,42.157501220703125,42.9474983215332,41.75,42.915000915527344,189126800
2018-12-12,40.15880584716797,42.275001525878906,42.97999954223633,42.255001068115234,42.599998474121094,142510800
2018-12-13,40.598167419433594,42.73749923706055,43.14250183105469,42.38750076293945,42.622501373291016,127594400
2018-12-14,39.29911804199219,41.369998931884766,42.27000045776367,41.31999969482422,42.25,162814800
2018-12-17,38.93339157104492,40.98500061035156,42.087501525878906,40.682498931884766,41.36249923706055,177151600
2018-12-18,39.43923568725586,41.51750183105469,41.88249969482422,41.09749984741211,41.345001220703125,135366000
2018-12-19,38.20905303955078,40.22249984741211,41.86249923706055,39.772499084472656,41.5,196189200
2018-12-20,37.244873046875,39.20750045776367,40.52750015258789,38.82500076293945,40.099998474121094,259092000
2018-12-21,35.796207427978516,37.682498931884766,39.540000915527344,37.407501220703125,39.21500015258789,382978400
2018-12-24,34.87001419067383,36.70750045776367,37.88750076293945,36.647499084472656,37.037498474121094,148676800
2018-12-26,37.32562255859375,39.29249954223633,39.307498931884766,36.68000030517578,37.07500076293945,234330000
2018-12-27,37.0833740234375,39.037498474121094,39.192501068115234,37.51750183105469,38.959999084472656,212468400
2018-12-28,37.10237121582031,39.057498931884766,39.630001068115234,38.63750076293945,39.375,169165600
2018-12-31,37.46098709106445,39.435001373291016,39.84000015258789,39.119998931884766,39.63249969482422,140014000
2019-01-02,37.503726959228516,39.47999954223633,39.712501525878906,38.557498931884766,38.72249984741211,148158800
2019-01-03,33.7680778503418,35.54750061035156,36.43000030517578,35.5,35.994998931884766,365248800
2019-01-04,35.2096061706543,37.064998626708984,37.13750076293945,35.95000076293945,36.13249969482422,234428400
2019-01-07,35.13125228881836,36.98249816894531,37.20750045776367,36.474998474121094,37.17499923706055,219111200
2019-01-08,35.80094909667969,37.6875,37.95500183105469,37.130001068115234,37.38999938964844,164101200
2019-01-09,36.4089241027832,38.32749938964844,38.63249969482422,37.407501220703125,37.8224983215332,180396400
2019-01-10,36.525291442871094,38.45000076293945,38.49250030517578,37.71500015258789,38.125,143122800
2019-01-11,36.16667938232422,38.0724983215332,38.42499923706055,37.877498626708984,38.220001220703125,108092800
2019-01-14,35.622833251953125,37.5,37.817501068115234,37.30500030517578,37.712501525878906,129756800
2019-01-15,36.3519287109375,38.26750183105469,38.34749984741211,37.51250076293945,37.567501068115234,114843600
2019-01-16,36.79601287841797,38.73500061035156,38.970001220703125,38.25,38.27000045776367,122278800
2019-01-17,37.01450729370117,38.96500015258789,39.415000915527344,38.314998626708984,38.54999923706055,119284800
2019-01-18,37.24250411987305,39.20500183105469,39.470001220703125,38.994998931884766,39.375,135004000
2019-01-22,36.40654754638672,38.32500076293945,39.182498931884766,38.154998779296875,39.102500915527344,121576000
2019-01-23,36.553775787353516,38.47999954223633,38.78499984741211,37.92499923706055,38.537498474121094,92522400
2019-01-24,36.2640495300293,38.17499923706055,38.619998931884766,37.935001373291016,38.52750015258789,101766000
2019-01-25,37.465736389160156,39.439998626708984,39.532501220703125,38.58000183105469,38.869998931884766,134142000
2019-01-28,37.11899185180664,39.07500076293945,39.08250045776367,38.415000915527344,38.9474983215332,104768400
2019-01-29,36.7342643737793,38.66999816894531,39.532501220703125,38.52750015258789,39.0625,166348800
2019-01-30,39.24448776245117,41.3125,41.537498474121094,40.057498931884766,40.8125,244439200
2019-01-31,39.527103424072266,41.61000061035156,42.25,41.13999938964844,41.52750015258789,162958400
2019-02-01,39.546104431152344,41.630001068115234,42.244998931884766,41.48249816894531,41.7400016784668,130672400
2019-02-04,40.669410705566406,42.8125,42.915000915527344,41.81999969482422,41.852500915527344,125982000
2019-02-05,41.365234375,43.54499816894531,43.77000045776367,43.087501525878906,43.21500015258789,144406400
2019-02-06,41.379486083984375,43.560001373291016,43.89250183105469,43.212501525878906,43.662498474121094,112958400
2019-02-07,40.595787048339844,42.73500061035156,43.48500061035156,42.584999084472656,43.099998474121094,126966800
2019-02-08,40.64348220825195,42.602500915527344,42.665000915527344,42.10499954223633,42.247501373291016,95280000
2019-02-11,40.40974807739258,42.35749816894531,42.8025016784668,42.3125,42.76250076293945,83973600
2019-02-12,40.75796890258789,42.72249984741211,42.75,42.42499923706055,42.525001525878906,89134000
2019-02-13,40.588623046875,42.54499816894531,43.119998931884766,42.47999954223633,42.84749984741211,89960800
2019-02-14,40.736515045166016,42.70000076293945,42.814998626708984,42.345001220703125,42.4275016784668,87342800
2019-02-15,40.645870208740234,42.60499954223633,42.92499923706055,42.4375,42.8125,98507200
2019-02-19,40.76751708984375,42.73249816894531,42.86000061035156,42.372501373291016,42.4275016784668,75891200
2019-02-20,41.029869079589844,43.00749969482422,43.33000183105469,42.747501373291016,42.79750061035156,104457600
2019-02-21,40.79851150512695,42.76499938964844,43.092498779296875,42.57500076293945,42.95000076293945,68998800
2019-02-22,41.254066467285156,43.24250030517578,43.25,42.845001220703125,42.89500045776367,75652800
2019-02-25,41.5545768737793,43.557498931884766,43.967498779296875,43.48749923706055,43.540000915527344,87493600
2019-02-26,41.57842254638672,43.58250045776367,43.82500076293945,43.29249954223633,43.4275016784668,68280800
2019-02-27,41.707218170166016,43.717498779296875,43.75,43.182498931884766,43.3025016784668,111341600
2019-02-28,41.2969970703125,43.287498474121094,43.727500915527344,43.22999954223633,43.58000183105469,112861600
2019-03-01,41.73107147216797,43.74250030517578,43.787498474121094,43.22249984741211,43.56999969482422,103544800
2019-03-04,41.94095230102539,43.962501525878906,44.4375,43.49250030517578,43.92250061035156,109744800
2019-03-05,41.8646354675293,43.88249969482422,44.0,43.6349983215332,43.98500061035156,78949600
2019-03-06,41.623741149902344,43.630001068115234,43.872501373291016,43.48500061035156,43.66749954223633,83241600
2019-03-07,41.1419677734375,43.125,43.61000061035156,43.005001068115234,43.467498779296875,99185600
2019-03-08,41.23976516723633,43.227500915527344,43.26750183105469,42.375,42.58000183105469,95997600
2019-03-11,42.66838455200195,44.724998474121094,44.779998779296875,43.837501525878906,43.872501373291016,128044000
2019-03-12,43.147769927978516,45.227500915527344,45.66749954223633,44.842498779296875,45.0,129870400
2019-03-13,43.33858108520508,45.4275016784668,45.82500076293945,45.22999954223633,45.5625,124130000
2019-03-14,43.82036590576172,45.932498931884766,46.025001525878906,45.63999938964844,45.974998474121094,94318000
2019-03-15,44.39038848876953,46.529998779296875,46.83250045776367,45.935001373291016,46.212501525878906,156171600
2019-03-18,44.84354782104492,47.005001068115234,47.09749984741211,46.4474983215332,46.45000076293945,104879200
2019-03-19,44.4881706237793,46.63249969482422,47.247501373291016,46.47999954223633,47.087501525878906,126585600
2019-03-20,44.876930236816406,47.040000915527344,47.372501373291016,46.182498931884766,46.557498931884766,124140800
2019-03-21,46.5297737121582,48.772499084472656,49.08250045776367,47.45249938964844,47.505001068115234,204136800
2019-03-22,45.56621551513672,47.76250076293945,49.42250061035156,47.69499969482422,48.834999084472656,169630800
2019-03-25,45.01527404785156,47.185001373291016,47.994998931884766,46.650001525878906,47.877498626708984,175381200
2019-03-26,44.55018615722656,46.6974983215332,48.220001220703125,46.14500045776367,47.915000915527344,199202000
2019-03-27,44.95087432861328,47.11750030517578,47.439998626708984,46.63750076293945,47.1875,119393600
2019-03-28,45.010501861572266,47.18000030517578,47.38999938964844,46.88249969482422,47.23749923706055,83121600
2019-03-29,45.30385971069336,47.48749923706055,47.52000045776367,47.1349983215332,47.45750045776367,94256000
2019-04-01,45.611541748046875,47.810001373291016,47.91999816894531,47.095001220703125,47.90999984741211,111448000
2019-04-02,46.274566650390625,48.505001068115234,48.6150016784668,47.76250076293945,47.772499084472656,91062800
2019-04-03,46.591773986816406,48.837501525878906,49.125,48.287498474121094,48.3125,93087200
2019-04-04,46.672874450683594,48.92250061035156,49.092498779296875,48.28499984741211,48.6974983215332,76457200
2019-04-05,46.985313415527344,49.25,49.275001525878906,48.98249816894531,49.11249923706055,74106400
2019-04-08,47.72468566894531,50.025001525878906,50.057498931884766,49.084999084472656,49.10499954223633,103526800
2019-04-09,47.58156967163086,49.875,50.712501525878906,49.807498931884766,50.08000183105469,143072800
2019-04-10,47.84870147705078,50.154998779296875,50.185001373291016,49.54499816894531,49.66999816894531,86781200
2019-04-11,47.450401306152344,49.73749923706055,50.25,49.61000061035156,50.212501525878906,83603200
2019-04-12,47.43131637573242,49.717498779296875,50.03499984741211,49.0525016784668,49.79999923706055,111042800
2019-04-15,47.517173767089844,49.807498931884766,49.962501525878906,49.502498626708984,49.64500045776367,70146400
2019-04-16,47.521949768066406,49.8125,50.342498779296875,49.63999938964844,49.8650016784668,102785600
2019-04-17,48.44734573364258,50.782501220703125,50.845001220703125,49.65250015258789,49.8849983215332,115627200
2019-04-18,48.6214485168457,50.96500015258789,51.037498474121094,50.630001068115234,50.779998779296875,96783200
2019-04-22,48.78124237060547,51.13249969482422,51.23500061035156,50.584999084472656,50.70750045776367,77758000
2019-04-23,49.484832763671875,51.869998931884766,51.9375,50.974998474121094,51.10749816894531,93292000
2019-04-24,49.40851974487305,51.790000915527344,52.119998931884766,51.76250076293945,51.84000015258789,70162400
2019-04-25,48.960121154785156,51.31999969482422,51.939998626708984,51.279998779296875,51.70750045776367,74172800
2019-04-26,48.72639465332031,51.07500076293945,51.25,50.529998779296875,51.224998474121094,74596400
2019-04-29,48.80033874511719,51.15250015258789,51.49250030517578,50.96500015258789,51.099998474121094,88818800
2019-04-30,47.860618591308594,50.16749954223633,50.849998474121094,49.77750015258789,50.76499938964844,186139600
2019-05-01,50.209877014160156,52.630001068115234,53.82749938964844,52.307498931884766,52.470001220703125,259309200
2019-05-02,49.883148193359375,52.287498474121094,53.162498474121094,52.032501220703125,52.459999084472656,127985200
2019-05-03,50.50325012207031,52.9375,52.959999084472656,52.557498931884766,52.72249984741211,83569600
2019-05-06,49.72334671020508,52.119998931884766,52.209999084472656,50.875,51.0724983215332,129772400
2019-05-07,48.38294982910156,50.71500015258789,51.85499954223633,50.20750045776367,51.470001220703125,155054800
2019-05-08,48.392486572265625,50.724998474121094,51.334999084472656,50.4375,50.474998474121094,105358000
2019-05-09,47.87255096435547,50.18000030517578,50.41999816894531,49.165000915527344,50.099998474121094,139634400
2019-05-10,47.2093505859375,49.29499816894531,49.712501525878906,48.192501068115234,49.35499954223633,164834800
2019-05-13,44.46555709838867,46.43000030517578,47.369998931884766,45.712501525878906,46.9275016784668,229722400
2019-05-14,45.16947555541992,47.165000915527344,47.42499923706055,46.352500915527344,46.602500915527344,146118800
2019-05-15,45.710567474365234,47.72999954223633,47.9375,46.505001068115234,46.567501068115234,106178800
2019-05-16,45.50944137573242,47.52000045776367,48.11750030517578,47.209999084472656,47.477500915527344,132125600
2019-05-17,45.25087356567383,47.25,47.724998474121094,46.689998626708984,46.73249816894531,131516400
2019-05-20,43.835880279541016,45.772499084472656,46.087501525878906,45.06999969482422,45.880001068115234,154449200
2019-05-21,44.67625427246094,46.650001525878906,47.0,46.17499923706055,46.30500030517578,113459200
2019-05-22,43.76165771484375,45.69499969482422,46.4275016784668,45.63750076293945,46.165000915527344,118994400
2019-05-23,43.01466751098633,44.915000915527344,45.1349983215332,44.45249938964844,44.95000076293945,146118800
2019-05-24,42.849464416503906,44.74250030517578,45.53499984741211,44.654998779296875,45.04999923706055,94858800
2019-05-28,42.672306060791016,44.557498931884766,45.147499084472656,44.477500915527344,44.72999954223633,111792800
2019-05-29,42.46878433227539,44.345001220703125,44.837501525878906,44.0,44.10499954223633,113924800
2019-05-30,42.68905258178711,44.57500076293945,44.807498931884766,44.16749954223633,44.48749923706055,84873600
2019-05-31,41.91572189331055,43.76750183105469,44.497501373291016,43.747501373291016,44.057498931884766,108174400
2019-06-03,41.491943359375,43.32500076293945,44.47999954223633,42.567501068115234,43.900001525878906,161584400
2019-06-04,43.0098762512207,44.90999984741211,44.95750045776367,43.630001068115234,43.86000061035156,123872000
2019-06-05,43.704200744628906,45.6349983215332,46.247501373291016,45.28499984741211,46.06999969482422,119093600
2019-06-06,44.345848083496094,46.30500030517578,46.36750030517578,45.537498474121094,45.77000045776367,90105200
2019-06-07,45.52621078491211,47.537498474121094,47.97999954223633,46.442501068115234,46.627498626708984,122737600
2019-06-10,46.108001708984375,48.14500045776367,48.842498779296875,47.904998779296875,47.95249938964844,104883600
2019-06-11,46.64192581176758,48.70249938964844,49.0,48.400001525878906,48.71500015258789,107731600
2019-06-12,46.493473052978516,48.54750061035156,48.99250030517578,48.34749984741211,48.48749923706055,73012800
2019-06-13,46.483890533447266,48.537498474121094,49.1974983215332,48.400001525878906,48.67499923706055,86698400
2019-06-14,46.14631652832031,48.185001373291016,48.397499084472656,47.57500076293945,47.88750076293945,75046000
2019-06-17,46.42164611816406,48.47249984741211,48.7400016784668,48.04249954223633,48.224998474121094,58676400
2019-06-18,47.51342010498047,49.61249923706055,50.0724983215332,48.8025016784668,49.01250076293945,106204000
2019-06-19,47.374542236328125,49.467498779296875,49.970001220703125,49.32749938964844,49.91999816894531,84496800
2019-06-20,47.7552375793457,49.8650016784668,50.15250015258789,49.50749969482422,50.092498779296875,86056000
2019-06-21,47.59242248535156,49.69499969482422,50.212501525878906,49.537498474121094,49.70000076293945,191202400
2019-06-24,47.544532775878906,49.64500045776367,50.040000915527344,49.54249954223633,49.6349983215332,72881600
2019-06-25,46.823875427246094,48.89250183105469,49.814998626708984,48.8224983215332,49.60749816894531,84281200
2019-06-26,47.83663558959961,49.95000076293945,50.247501373291016,49.337501525878906,49.442501068115234,104270000
2019-06-27,47.82227325439453,49.935001373291016,50.39250183105469,49.89250183105469,50.0724983215332,83598800
2019-06-28,47.38652801513672,49.47999954223633,49.875,49.26250076293945,49.66999816894531,124442400
2019-07-01,48.2556266784668,50.38750076293945,51.122501373291016,50.162498474121094,50.79249954223633,109012000
2019-07-02,48.538143157958984,50.682498931884766,50.782501220703125,50.34000015258789,50.352500915527344,67740800
2019-07-03,48.94037628173828,51.102500915527344,51.11000061035156,50.67250061035156,50.81999969482422,45448000
2019-07-05,48.89727783203125,51.057498931884766,51.27000045776367,50.724998474121094,50.837501525878906,69062000
2019-07-08,47.88930892944336,50.005001068115234,50.349998474121094,49.602500915527344,50.20249938964844,101354400
2019-07-09,48.18141174316406,50.310001373291016,50.377498626708984,49.70249938964844,49.79999923706055,82312000
2019-07-10,48.65785598754883,50.807498931884766,50.932498931884766,50.38999938964844,50.462501525878906,71588400
2019-07-11,48.30350875854492,50.4375,51.09749984741211,50.4275016784668,50.82749938964844,80767200
2019-07-12,48.67462158203125,50.82500076293945,51.0,50.54999923706055,50.61249923706055,70380800
2019-07-15,49.13191604614258,51.3025016784668,51.467498779296875,51.0,51.022499084472656,67789600
2019-07-16,48.96192932128906,51.125,51.52750015258789,50.875,51.147499084472656,67467200
2019-07-17,48.68659591674805,50.837501525878906,51.272499084472656,50.817501068115234,51.01250076293945,56430000
2019-07-18,49.23964309692383,51.415000915527344,51.470001220703125,50.92499923706055,51.0,74162400
2019-07-19,48.50461959838867,50.647499084472656,51.625,50.59000015258789,51.4474983215332,83717200
2019-07-22,49.613155364990234,51.80500030517578,51.807498931884766,50.90250015258789,50.912498474121094,89111600
2019-07-23,50.00102233886719,52.209999084472656,52.227500915527344,51.8224983215332,52.1150016784668,73420800
2019-07-24,49.96031188964844,52.16749954223633,52.287498474121094,51.79249954223633,51.91749954223633,59966400
2019-07-25,49.565269470214844,51.755001068115234,52.310001373291016,51.682498931884766,52.22249984741211,55638400
2019-07-26,49.73765563964844,51.935001373291016,52.432498931884766,51.78499984741211,51.869998931884766,70475600
2019-07-29,50.20212173461914,52.41999816894531,52.65999984741211,52.11000061035156,52.1150016784668,86693600
2019-07-30,49.986663818359375,52.19499969482422,52.540000915527344,51.82749938964844,52.189998626708984,135742800
2019-07-31,51.00659942626953,53.2599983215332,55.342498779296875,52.82500076293945,54.10499954223633,277125600
2019-08-01,49.902854919433594,52.10749816894531,54.50749969482422,51.685001373291016,53.474998474121094,216071600
2019-08-02,48.84699630737305,51.005001068115234,51.60749816894531,50.407501220703125,51.38249969482422,163448400
2019-08-05,46.28996658325195,48.334999084472656,49.662498474121094,48.14500045776367,49.497501373291016,209572000
2019-08-06,47.166255950927734,49.25,49.51750183105469,48.5099983215332,49.07749938964844,143299200
2019-08-07,47.654666900634766,49.7599983215332,49.88999938964844,48.45500183105469,48.852500915527344,133457600
2019-08-08,48.70574188232422,50.85749816894531,50.88249969482422,49.84749984741211,50.04999923706055,108038000
2019-08-09,48.304386138916016,50.247501373291016,50.689998626708984,49.8224983215332,50.32500076293945,98478800
2019-08-12,48.18181228637695,50.119998931884766,50.51250076293945,49.787498474121094,49.904998779296875,89927600
2019-08-13,50.22224044799805,52.24250030517578,53.03499984741211,50.119998931884766,50.255001068115234,188874000
2019-08-14,48.72737503051758,50.6875,51.61000061035156,50.647499084472656,50.790000915527344,146189600
2019-08-15,48.48462677001953,50.435001373291016,51.28499984741211,49.91749954223633,50.8650016784668,108909600
2019-08-16,49.62862014770508,51.625,51.790000915527344,50.959999084472656,51.06999969482422,110481600
2019-08-19,50.553890228271484,52.587501525878906,53.182498931884766,52.50749969482422,52.654998779296875,97654400
2019-08-20,50.55630874633789,52.59000015258789,53.337501525878906,52.58000183105469,52.720001220703125,107537200
2019-08-21,51.10426330566406,53.15999984741211,53.412498474121094,52.900001525878906,53.247501373291016,86141600
2019-08-22,51.06100082397461,53.1150016784668,53.61000061035156,52.6875,53.29750061035156,89014800
2019-08-23,48.700923919677734,50.65999984741211,53.01250076293945,50.25,52.35749816894531,187272000
2019-08-26,49.62621307373047,51.622501373291016,51.79750061035156,51.26499938964844,51.46500015258789,104174400
2019-08-27,49.06623840332031,51.040000915527344,52.13750076293945,50.88249969482422,51.96500015258789,103493200
2019-08-28,49.39549255371094,51.38249969482422,51.43000030517578,50.83000183105469,51.025001525878906,63755200
2019-08-29,50.23185729980469,52.252498626708984,52.33000183105469,51.665000915527344,52.125,83962000
2019-08-30,50.166954040527344,52.185001373291016,52.61249923706055,51.79999923706055,52.540000915527344,84573600
2019-09-03,49.43635177612305,51.42499923706055,51.744998931884766,51.05500030517578,51.60749816894531,80092000
2019-09-04,50.275115966796875,52.29750061035156,52.369998931884766,51.83000183105469,52.09749984741211,76752400
2019-09-05,51.2580680847168,53.31999969482422,53.49250030517578,52.877498626708984,53.0,95654800
2019-09-06,51.253265380859375,53.314998626708984,53.60499954223633,53.127498626708984,53.51250076293945,77449200
2019-09-09,51.47195816040039,53.54249954223633,54.11000061035156,52.76750183105469,53.709999084472656,109237600
2019-09-10,52.08000946044922,54.17499923706055,54.19499969482422,52.9275016784668,53.46500015258789,127111600
2019-09-11,53.73588180541992,55.897499084472656,55.9275016784668,54.432498931884766,54.51750183105469,177158400
2019-09-12,53.61573028564453,55.772499084472656,56.60499954223633,55.71500015258789,56.20000076293945,128906800
2019-09-13,52.57268524169922,54.6875,55.1974983215332,54.255001068115234,55.0,159053200
2019-09-16,52.849063873291016,54.974998474121094,55.032501220703125,54.38999938964844,54.432498931884766,84632400
2019-09-17,53.04132843017578,55.17499923706055,55.20500183105469,54.779998779296875,54.9900016784668,73274800
2019-09-18,53.538822174072266,55.692501068115234,55.712501525878906,54.86000061035156,55.26499938964844,101360000
2019-09-19,53.103824615478516,55.2400016784668,55.939998626708984,55.092498779296875,55.502498626708984,88242400
2019-09-20,52.327545166015625,54.432498931884766,55.63999938964844,54.36750030517578,55.345001220703125,221652400
2019-09-23,52.56547546386719,54.68000030517578,54.959999084472656,54.412498474121094,54.73749923706055,76662000
2019-09-24,52.31551742553711,54.41999816894531,55.622501373291016,54.29750061035156,55.25749969482422,124763200
2019-09-25,53.120643615722656,55.25749969482422,55.375,54.28499984741211,54.63750076293945,87613600
2019-09-26,52.8466682434082,54.97249984741211,55.23500061035156,54.70750045776367,55.0,75334000
2019-09-27,52.58951187133789,54.70500183105469,55.2400016784668,54.31999969482422,55.1349983215332,101408000
2019-09-30,53.82723617553711,55.99250030517578,56.14500045776367,55.1974983215332,55.224998474121094,103909600
2019-10-01,53.976226806640625,56.147499084472656,57.05500030517578,56.04999923706055,56.26750183105469,139223200
2019-10-02,52.623165130615234,54.7400016784668,55.89500045776367,54.48249816894531,55.76499938964844,138449200
2019-10-03,53.07017517089844,55.20500183105469,55.2400016784668,53.782501220703125,54.60749816894531,114426000
2019-10-04,54.557823181152344,56.752498626708984,56.872501373291016,55.97249984741211,56.40999984741211,138478800
2019-10-07,54.56984329223633,56.76499938964844,57.48249816894531,56.459999084472656,56.567501068115234,122306000
2019-10-08,53.930572509765625,56.099998474121094,57.01499938964844,56.08250045776367,56.45500183105469,111820000
2019-10-09,54.56263732910156,56.75749969482422,56.9474983215332,56.40999984741211,56.75749969482422,74770400
2019-10-10,55.29805374145508,57.522499084472656,57.61000061035156,56.82500076293945,56.98249816894531,113013600
2019-10-11,56.768890380859375,59.0525016784668,59.40999984741211,58.07749938964844,58.23749923706055,166795600
2019-10-14,56.68716812133789,58.967498779296875,59.532501220703125,58.66749954223633,58.724998474121094,96427600
2019-10-15,56.55500411987305,58.83000183105469,59.412498474121094,58.720001220703125,59.09749984741211,87360000
2019-10-16,56.32667541503906,58.592498779296875,58.810001373291016,58.29999923706055,58.342498779296875,73903200
2019-10-17,56.54538345336914,58.81999969482422,59.037498474121094,58.380001068115234,58.772499084472656,67585200
2019-10-18,56.81695556640625,59.102500915527344,59.39500045776367,58.5724983215332,58.647499084472656,97433600
2019-10-21,57.80231857299805,60.127498626708984,60.247501373291016,59.33000183105469,59.380001068115234,87247200
2019-10-22,57.67013931274414,59.9900016784668,60.54999923706055,59.904998779296875,60.290000915527344,82293600
2019-10-23,58.444000244140625,60.79499816894531,60.810001373291016,60.30500030517578,60.525001525878906,75828800
2019-10-24,58.54012680053711,60.89500045776367,61.20000076293945,60.45249938964844,61.127498626708984,69275200
2019-10-25,59.261138916015625,61.64500045776367,61.682498931884766,60.720001220703125,60.790000915527344,73477200
2019-10-28,59.854759216308594,62.26250076293945,62.3125,61.68000030517578,61.85499954223633,96572800
2019-10-29,58.470436096191406,60.8224983215332,62.4375,60.64250183105469,62.24250030517578,142839600
2019-10-30,58.463218688964844,60.814998626708984,61.32500076293945,60.3025016784668,61.189998626708984,124522000
2019-10-31,59.785064697265625,62.189998626708984,62.29249954223633,59.314998626708984,61.810001373291016,139162000
2019-11-01,61.4818115234375,63.95500183105469,63.98249816894531,62.290000915527344,62.3849983215332,151125200
2019-11-04,61.88557434082031,64.375,64.4625015258789,63.845001220703125,64.3324966430664,103272000
2019-11-05,61.79664611816406,64.28250122070312,64.54750061035156,64.08000183105469,64.26249694824219,79897600
2019-11-06,61.82308578491211,64.30999755859375,64.37249755859375,63.842498779296875,64.19249725341797,75864400
2019-11-07,62.536582946777344,64.85749816894531,65.0875015258789,64.52749633789062,64.68499755859375,94940400
2019-11-08,62.70774459838867,65.03500366210938,65.11000061035156,64.2125015258789,64.67250061035156,69986400
2019-11-11,63.2043342590332,65.55000305175781,65.61750030517578,64.56999969482422,64.57499694824219,81821200
2019-11-12,63.14645004272461,65.48999786376953,65.69750213623047,65.2300033569336,65.38749694824219,87388800
2019-11-13,63.75151062011719,66.11750030517578,66.19499969482422,65.26750183105469,65.28250122070312,102734400
2019-11-14,63.310367584228516,65.66000366210938,66.22000122070312,65.5250015258789,65.9375,89182800
2019-11-15,64.0624771118164,66.44000244140625,66.44499969482422,65.75250244140625,65.91999816894531,100206400
2019-11-18,64.38549041748047,66.7750015258789,66.85749816894531,66.05750274658203,66.44999694824219,86703200
2019-11-19,64.19022369384766,66.57250213623047,67.0,66.34750366210938,66.9749984741211,76167200
2019-11-20,63.442970275878906,65.79750061035156,66.5199966430664,65.0999984741211,66.38500213623047,106234400
2019-11-21,63.15850067138672,65.50250244140625,66.00250244140625,65.29499816894531,65.92250061035156,121395200
2019-11-22,63.103065490722656,65.44499969482422,65.79499816894531,65.20999908447266,65.64749908447266,65325200
2019-11-25,64.2094955444336,66.59249877929688,66.61000061035156,65.62999725341797,65.67749786376953,84020400
2019-11-26,63.7081184387207,66.07250213623047,66.79000091552734,65.625,66.73500061035156,105207600
2019-11-27,64.56385803222656,66.95999908447266,66.99500274658203,66.32749938964844,66.3949966430664,65235600
2019-11-29,64.42163848876953,66.8125,67.0,66.4749984741211,66.6500015258789,46617600
2019-12-02,63.676780700683594,66.04000091552734,67.0625,65.86250305175781,66.81749725341797,94487200
2019-12-03,62.541404724121094,64.86250305175781,64.88249969482422,64.07250213623047,64.57749938964844,114430400
2019-12-04,63.09343338012695,65.43499755859375,65.82749938964844,65.16999816894531,65.26750183105469,67181600
2019-12-05,64.01905822753906,66.3949966430664,66.47250366210938,65.68250274658203,65.94750213623047,74424400
2019-12-06,65.25566864013672,67.67749786376953,67.75,66.82499694824219,66.87000274658203,106075600
2019-12-09,64.34208679199219,66.7300033569336,67.69999694824219,66.22750091552734,67.5,128042400
2019-12-10,64.7181167602539,67.12000274658203,67.51750183105469,66.46499633789062,67.1500015258789,90420400
2019-12-11,65.27015686035156,67.69249725341797,67.7750015258789,67.125,67.20249938964844,78756800
2019-12-12,65.43649291992188,67.86499786376953,68.13999938964844,66.83000183105469,66.94499969482422,137310400
2019-12-13,66.32595825195312,68.7874984741211,68.82499694824219,67.73249816894531,67.86499786376953,133587600
2019-12-16,67.46131134033203,69.96499633789062,70.19750213623047,69.24500274658203,69.25,128186000
2019-12-17,67.5938949584961,70.10250091552734,70.44249725341797,69.69999694824219,69.89250183105469,114158400
2019-12-18,67.43241119384766,69.93499755859375,70.4749984741211,69.77999877929688,69.94999694824219,116028400
2019-12-19,67.4998779296875,70.00499725341797,70.29499816894531,69.73750305175781,69.875,98369200
2019-12-20,67.36007690429688,69.86000061035156,70.6624984741211,69.63999938964844,70.55750274658203,275978000
2019-12-23,68.45926666259766,71.0,71.0625,70.09249877929688,70.13249969482422,98572000
2019-12-24,68.52437591552734,71.06749725341797,71.22250366210938,70.7300033569336,71.17250061035156,48478800
2019-12-26,69.88389587402344,72.47750091552734,72.49500274658203,71.17500305175781,71.20500183105469,93121200
2019-12-27,69.85739135742188,72.44999694824219,73.49250030517578,72.02999877929688,72.77999877929688,146266000
2019-12-30,70.27201843261719,72.87999725341797,73.17250061035156,71.30500030517578,72.36499786376953,144114400
2019-12-31,70.78546142578125,73.4124984741211,73.41999816894531,72.37999725341797,72.48249816894531,100805600
2020-01-02,72.40050506591797,75.0875015258789,75.1500015258789,73.79750061035156,74.05999755859375,135480400
2020-01-03,71.69664764404297,74.35749816894531,75.1449966430664,74.125,74.2874984741211,146322800
2020-01-06,72.2679443359375,74.94999694824219,74.98999786376953,73.1875,73.44750213623047,118387200
2020-01-07,71.92805480957031,74.59750366210938,75.2249984741211,74.37000274658203,74.95999908447266,108872000
2020-01-08,73.08511352539062,75.79750061035156,76.11000061035156,74.29000091552734,74.29000091552734,132079200
2020-01-09,74.63750457763672,77.40750122070312,77.60749816894531,76.55000305175781,76.80999755859375,170108400
2020-01-10,74.80621337890625,77.5824966430664,78.1675033569336,77.0625,77.6500015258789,140644800
2020-01-13,76.40440368652344,79.23999786376953,79.26750183105469,77.7874984741211,77.91000366210938,121532000
2020-01-14,75.37271881103516,78.16999816894531,79.39250183105469,78.0425033569336,79.17500305175781,161954400
2020-01-15,75.0496826171875,77.83499908447266,78.875,77.38749694824219,77.9625015258789,121923600
2020-01-16,75.98979187011719,78.80999755859375,78.92500305175781,78.02249908447266,78.39749908447266,108829200
2020-01-17,76.83108520507812,79.68250274658203,79.68499755859375,78.75,79.06749725341797,137816400
2020-01-21,76.31041717529297,79.14250183105469,79.75499725341797,79.0,79.29750061035156,110843200
2020-01-22,76.5827865600586,79.42500305175781,79.99749755859375,79.32749938964844,79.6449966430664,101832400
2020-01-23,76.95160675048828,79.80750274658203,79.88999938964844,78.9124984741211,79.4800033569336,104472000
2020-01-24,76.72984313964844,79.57749938964844,80.8324966430664,79.37999725341797,80.0625,146537600
2020-01-27,74.47356414794922,77.23750305175781,77.94249725341797,76.22000122070312,77.51499938964844,161940000
2020-01-28,76.5804214477539,79.42250061035156,79.5999984741211,78.04750061035156,78.1500015258789,162234000
2020-01-29,78.18341064453125,81.08499908447266,81.9625015258789,80.34500122070312,81.11250305175781,216229200
2020-01-30,78.07007598876953,80.96749877929688,81.02249908447266,79.6875,80.13500213623047,126743200
2020-01-31,74.60858917236328,77.37750244140625,80.66999816894531,77.07250213623047,80.23249816894531,199588400
2020-02-03,74.40369415283203,77.16500091552734,78.37249755859375,75.55500030517578,76.07499694824219,173788400
2020-02-04,76.86003112792969,79.7125015258789,79.91000366210938,78.40750122070312,78.82749938964844,136616400
2020-02-05,77.48677062988281,80.36250305175781,81.19000244140625,79.73750305175781,80.87999725341797,118826800
2020-02-06,78.39312744140625,81.30249786376953,81.30500030517578,80.06500244140625,80.64250183105469,105425600
2020-02-07,77.32756042480469,80.00749969482422,80.8499984741211,79.5,80.59249877929688,117684000
2020-02-10,77.6948013305664,80.38749694824219,80.38749694824219,78.4625015258789,78.54499816894531,109348800
2020-02-11,77.2260513305664,79.90249633789062,80.9749984741211,79.67749786376953,80.9000015258789,94323200
2020-02-12,79.06001281738281,81.80000305175781,81.80500030517578,80.36750030517578,80.36750030517578,113730400
2020-02-13,78.49701690673828,81.21749877929688,81.55500030517578,80.8375015258789,81.04750061035156,94747600
2020-02-14,78.51634979248047,81.23750305175781,81.49500274658203,80.7125015258789,81.18499755859375,80113600
2020-02-18,77.07865142822266,79.75,79.9375,78.65249633789062,78.83999633789062,152531200
2020-02-19,78.19496154785156,80.90499877929688,81.14250183105469,80.0,80.0,93984000
2020-02-20,77.39276885986328,80.07499694824219,81.1624984741211,79.55249786376953,80.65750122070312,100566000
2020-02-21,75.64097595214844,78.26249694824219,80.11250305175781,77.625,79.65499877929688,129554000
2020-02-24,72.04800415039062,74.54499816894531,76.04499816894531,72.30750274658203,74.31500244140625,222195200
2020-02-25,69.60760498046875,72.0199966430664,75.63249969482422,71.53250122070312,75.23750305175781,230673600
2020-02-26,70.7118148803711,73.1624984741211,74.47000122070312,71.625,71.63249969482422,198054800
2020-02-27,66.08951568603516,68.37999725341797,71.5,68.23999786376953,70.2750015258789,320605600
2020-02-28,66.05086517333984,68.33999633789062,69.60250091552734,64.09249877929688,64.31500244140625,426510000
2020-03-02,72.20024871826172,74.70249938964844,75.36000061035156,69.43000030517578,70.56999969482422,341397200
2020-03-03,69.9072036743164,72.33000183105469,76.0,71.44999694824219,75.9175033569336,319475600
2020-03-04,73.14983367919922,75.68499755859375,75.8499984741211,73.28250122070312,74.11000061035156,219178400
2020-03-05,70.77705383300781,73.2300033569336,74.88749694824219,72.85250091552734,73.87999725341797,187572800
2020-03-06,69.83712768554688,72.25749969482422,72.70500183105469,70.30750274658203,70.5,226176800
2020-03-09,64.3135986328125,66.5425033569336,69.52249908447266,65.75,65.9375,286744800
2020-03-10,68.9455337524414,71.33499908447266,71.61000061035156,67.34249877929688,69.28500366210938,285290000
2020-03-11,66.55101776123047,68.85749816894531,70.30500030517578,67.96499633789062,69.34750366210938,255598800
2020-03-12,59.97880172729492,62.057498931884766,67.5,62.0,63.98500061035156,418474000
2020-03-13,67.16476440429688,69.49250030517578,69.9800033569336,63.23749923706055,66.22250366210938,370732000
2020-03-16,58.52421569824219,60.5525016784668,64.7699966430664,60.0,60.48749923706055,322423600
2020-03-17,61.097530364990234,63.21500015258789,64.40249633789062,59.599998474121094,61.877498626708984,324056000
2020-03-18,59.60186004638672,61.66749954223633,62.5,59.279998779296875,59.942501068115234,300233600
2020-03-19,59.145198822021484,61.19499969482422,63.209999084472656,60.65250015258789,61.84749984741211,271857200
2020-03-20,55.39031982421875,57.310001373291016,62.95750045776367,57.0,61.79499816894531,401693200
2020-03-23,54.21360778808594,56.092498779296875,57.125,53.15250015258789,57.02000045776367,336752800
2020-03-24,59.65260314941406,61.720001220703125,61.92250061035156,58.57500076293945,59.09000015258789,287531200
2020-03-25,59.32399368286133,61.380001068115234,64.5625,61.07500076293945,62.6875,303602000
2020-03-26,62.44580078125,64.61000061035156,64.66999816894531,61.59000015258789,61.630001068115234,252087200
2020-03-27,59.86040496826172,61.935001373291016,63.967498779296875,61.76250076293945,63.1875,204216800
2020-03-30,61.56869125366211,63.70249938964844,63.880001068115234,62.349998474121094,62.685001373291016,167976400
2020-03-31,61.44305419921875,63.5724983215332,65.62249755859375,63.0,63.900001525878906,197002000
2020-04-01,58.210105895996094,60.227500915527344,62.18000030517578,59.782501220703125,61.625,176218400
2020-04-02,59.18144607543945,61.23249816894531,61.287498474121094,59.224998474121094,60.084999084472656,165934000
2020-04-03,58.33090591430664,60.352500915527344,61.42499923706055,59.74250030517578,60.70000076293945,129880000
2020-04-06,63.4195442199707,65.61750030517578,65.77749633789062,62.345001220703125,62.724998474121094,201820400
2020-04-07,62.68500518798828,64.85749816894531,67.92500305175781,64.75,67.69999694824219,202887200
2020-04-08,64.2894058227539,66.51750183105469,66.84249877929688,65.30750274658203,65.68499755859375,168895200
2020-04-09,64.75331115722656,66.99749755859375,67.51750183105469,66.17500305175781,67.17500305175781,161834800
2020-04-13,66.0242691040039,68.3125,68.42500305175781,66.4574966430664,67.07749938964844,131022800
2020-04-14,69.35872650146484,71.76249694824219,72.0625,69.51249694824219,70.0,194994800
2020-04-15,68.72566223144531,71.10749816894531,71.5824966430664,70.15750122070312,70.5999984741211,131154400
2020-04-16,69.27172088623047,71.67250061035156,72.05000305175781,70.5875015258789,71.84500122070312,157125200
2020-04-17,68.33179473876953,70.69999694824219,71.73750305175781,69.21499633789062,71.17250061035156,215250000
2020-04-20,66.9134750366211,69.23249816894531,70.41999816894531,69.2125015258789,69.48750305175781,130015200
2020-04-21,64.84514617919922,67.09249877929688,69.3125,66.35749816894531,69.06999969482422,180991600
2020-04-22,66.71289825439453,69.0250015258789,69.4749984741211,68.05000305175781,68.40249633789062,116862400
2020-04-23,66.45439147949219,68.75749969482422,70.4375,68.71749877929688,68.96749877929688,124814400
2020-04-24,68.37288665771484,70.74250030517578,70.75250244140625,69.25,69.30000305175781,126161200
2020-04-27,68.42121887207031,70.7925033569336,71.13500213623047,69.98750305175781,70.44999694824219,117087600
2020-04-28,67.3121566772461,69.6449966430664,71.4574966430664,69.55000305175781,71.2699966430664,112004800
2020-04-29,69.52303314208984,71.93250274658203,72.4175033569336,70.97250366210938,71.18250274658203,137280800
2020-04-30,70.98969268798828,73.44999694824219,73.63249969482422,72.0875015258789,72.48999786376953,183064000
2020-05-01,69.84679412841797,72.26750183105469,74.75,71.4625015258789,71.5625,240616800
2020-05-04,70.83506774902344,73.29000091552734,73.42250061035156,71.58000183105469,72.2925033569336,133568000
2020-05-05,71.898193359375,74.38999938964844,75.25,73.61499786376953,73.76499938964844,147751200
2020-05-06,72.63998413085938,75.15750122070312,75.80999755859375,74.71749877929688,75.11499786376953,142333600
2020-05-07,73.39143371582031,75.93499755859375,76.2925033569336,75.49250030517578,75.80500030517578,115215200
2020-05-08,75.13829040527344,77.53250122070312,77.5875015258789,76.07250213623047,76.41000366210938,133838400
2020-05-11,76.32061767578125,78.75250244140625,79.26249694824219,76.80999755859375,77.0250015258789,145946400
2020-05-12,75.4483871459961,77.85250091552734,79.92250061035156,77.72750091552734,79.4574966430664,162301200
2020-05-13,74.53743743896484,76.9124984741211,78.98750305175781,75.80249786376953,78.0374984741211,200622400
2020-05-14,74.99536895751953,77.38500213623047,77.44750213623047,75.38249969482422,76.12750244140625,158929200
2020-05-15,74.55196380615234,76.92749786376953,76.9749984741211,75.05249786376953,75.0875015258789,166348400
2020-05-18,76.30850982666016,78.73999786376953,79.125,77.58000183105469,78.2925033569336,135178400
2020-05-19,75.86756134033203,78.28500366210938,79.62999725341797,78.25250244140625,78.75749969482422,101729600
2020-05-20,77.34302520751953,79.80750274658203,79.87999725341797,79.12999725341797,79.16999816894531,111504800
2020-05-21,76.76640319824219,79.2125015258789,80.22250366210938,78.96749877929688,79.66500091552734,102688800
2020-05-22,77.26067352294922,79.72250366210938,79.80750274658203,78.8375015258789,78.94249725341797,81803200
2020-05-26,76.73733520507812,79.18250274658203,81.05999755859375,79.125,80.875,125522000
2020-05-27,77.0716781616211,79.52749633789062,79.67749786376953,78.27249908447266,79.03500366210938,112945200
2020-05-28,77.1055908203125,79.5625,80.86000061035156,78.90750122070312,79.19249725341797,133560800
2020-05-29,77.0304946899414,79.48500061035156,80.2874984741211,79.11750030517578,79.8125,153532400
2020-06-01,77.97781372070312,80.4625015258789,80.5875015258789,79.30249786376953,79.4375,80791200
2020-06-02,78.33879852294922,80.83499908447266,80.86000061035156,79.73249816894531,80.1875,87642800
2020-06-03,78.77005767822266,81.27999877929688,81.55000305175781,80.57499694824219,81.16500091552734,104491200
2020-06-04,78.09169006347656,80.58000183105469,81.40499877929688,80.19499969482422,81.09750366210938,87560400
2020-06-05,80.31583404541016,82.875,82.9375,80.80750274658203,80.8375015258789,137250400
2020-06-08,80.79067993164062,83.36499786376953,83.4000015258789,81.83000183105469,82.5625,95654400
2020-06-09,83.34188842773438,85.99749755859375,86.40249633789062,83.00250244140625,83.03500366210938,147712400
2020-06-10,85.48606872558594,88.20999908447266,88.69249725341797,86.52249908447266,86.9749984741211,166651600
2020-06-11,81.38185119628906,83.9749984741211,87.76499938964844,83.87000274658203,87.32749938964844,201662400
2020-06-12,82.08446502685547,84.69999694824219,86.94999694824219,83.55500030517578,86.18000030517578,200146000
2020-06-15,83.099609375,85.74749755859375,86.41999816894531,83.1449966430664,83.3125,138808800
2020-06-16,85.30193328857422,88.0199966430664,88.30000305175781,86.18000030517578,87.86499786376953,165428800
2020-06-17,85.18321228027344,87.89749908447266,88.8499984741211,87.77249908447266,88.7874984741211,114406400
2020-06-18,85.21712493896484,87.93250274658203,88.36250305175781,87.30500030517578,87.85250091552734,96820400
2020-06-19,84.73015594482422,87.43000030517578,89.13999938964844,86.2874984741211,88.66000366210938,264476000
2020-06-22,86.94701385498047,89.71749877929688,89.86499786376953,87.7874984741211,87.83499908447266,135445200
2020-06-23,88.80289459228516,91.63249969482422,93.09500122070312,90.56749725341797,91.0,212155600
2020-06-24,87.2353286743164,90.01499938964844,92.19750213623047,89.62999725341797,91.25,192623200
2020-06-25,88.39342498779297,91.20999908447266,91.25,89.39250183105469,90.17500305175781,137522400
2020-06-26,85.67747497558594,88.40750122070312,91.33000183105469,88.25499725341797,91.10250091552734,205256800
2020-06-29,87.65206146240234,90.44499969482422,90.5425033569336,87.81999969482422,88.3125,130646000
2020-06-30,88.38374328613281,91.19999694824219,91.49500274658203,90.0,90.0199966430664,140223200
2020-07-01,88.21656799316406,91.02749633789062,91.83999633789062,90.97750091552734,91.27999877929688,110737200
2020-07-02,88.21656799316406,91.02749633789062,92.61750030517578,90.91000366210938,91.9625015258789,114041600
2020-07-06,90.57637786865234,93.4625015258789,93.94499969482422,92.46749877929688,92.5,118655600
2020-07-07,90.29532623291016,93.17250061035156,94.65499877929688,93.05750274658203,93.85250091552734,112424400
2020-07-08,92.3983154296875,95.34249877929688,95.375,94.08999633789062,94.18000030517578,117092000
2020-07-09,92.79566192626953,95.75250244140625,96.31749725341797,94.67250061035156,96.26249694824219,125642800
2020-07-10,92.95799255371094,95.91999816894531,95.9800033569336,94.70500183105469,95.33499908447266,90257200
2020-07-13,92.52914428710938,95.47750091552734,99.95500183105469,95.25749969482422,97.26499938964844,191649200
2020-07-14,94.06034851074219,97.05750274658203,97.25499725341797,93.87750244140625,94.83999633789062,170989200
2020-07-15,94.7072525024414,97.7249984741211,99.24749755859375,96.48999786376953,98.98999786376953,153198000
2020-07-16,93.54187774658203,96.52249908447266,97.40499877929688,95.90499877929688,96.5625,110577600
2020-07-17,93.35291290283203,96.32749938964844,97.14749908447266,95.83999633789062,96.98750305175781,92186800
2020-07-20,95.3202133178711,98.35749816894531,98.5,96.0625,96.4175033569336,90318000
2020-07-21,94.00463104248047,97.0,99.25,96.74250030517578,99.17250061035156,103433200
2020-07-22,94.26870727539062,97.27249908447266,97.9749984741211,96.60250091552734,96.69249725341797,89001600
2020-07-23,89.97793579101562,92.84500122070312,97.07749938964844,92.01000213623047,96.99749755859375,197004400
2020-07-24,89.75504302978516,92.61499786376953,92.97000122070312,89.1449966430664,90.98750305175781,185438800
2020-07-27,91.88226318359375,94.80999755859375,94.90499877929688,93.4800033569336,93.70999908447266,121214000
2020-07-28,90.37286376953125,93.25250244140625,94.55000305175781,93.24749755859375,94.36750030517578,103625600
2020-07-29,92.10517120361328,95.04000091552734,95.2300033569336,93.7125015258789,93.75,90329200
2020-07-30,93.21964263916016,96.19000244140625,96.29750061035156,93.76750183105469,94.1875,158130000
2020-07-31,102.97869110107422,106.26000213623047,106.41500091552734,100.82499694824219,102.88500213623047,374336800
2020-08-03,105.57350158691406,108.9375,111.63749694824219,107.89250183105469,108.19999694824219,308151200
2020-08-04,106.27853393554688,109.66500091552734,110.79000091552734,108.38749694824219,109.13249969482422,173071600
2020-08-05,106.66377258300781,110.0625,110.39250183105469,108.89749908447266,109.37750244140625,121776800
2020-08-06,110.38520050048828,113.90249633789062,114.4124984741211,109.79750061035156,110.40499877929688,202428800
2020-08-07,107.87549591064453,111.11250305175781,113.67500305175781,110.2925033569336,113.20500183105469,198045600
2020-08-10,109.44344329833984,112.72750091552734,113.7750015258789,110.0,112.5999984741211,212403600
2020-08-11,106.18861389160156,109.375,112.48249816894531,109.10749816894531,111.97000122070312,187902400
2020-08-12,109.71772003173828,113.01000213623047,113.2750015258789,110.29750061035156,110.49749755859375,165598000
2020-08-13,111.6594467163086,115.01000213623047,116.0425033569336,113.92749786376953,114.43000030517578,210082000
2020-08-14,111.55994415283203,114.90750122070312,115.0,113.04499816894531,114.83000183105469,165565200
2020-08-17,111.26866912841797,114.60749816894531,116.0875015258789,113.9625015258789,116.0625,119561600
2020-08-18,112.19583892822266,115.5625,116.0,114.00749969482422,114.35250091552734,105633600
2020-08-19,112.33662414550781,115.7074966430664,117.1624984741211,115.61000061035156,115.98249816894531,145538000
2020-08-20,114.8293228149414,118.2750015258789,118.39250183105469,115.73249816894531,115.75,126907200
2020-08-21,120.74676513671875,124.37000274658203,124.86750030517578,119.25,119.26249694824219,338054800
2020-08-24,122.1909408569336,125.85749816894531,128.78500366210938,123.9375,128.69749450683594,345937600
2020-08-25,121.1884994506836,124.82499694824219,125.18000030517578,123.05249786376953,124.69750213623047,211495600
2020-08-26,122.83655548095703,126.52249908447266,126.99250030517578,125.0824966430664,126.18000030517578,163022400
2020-08-27,121.36812591552734,125.01000213623047,127.48500061035156,123.8324966430664,127.14250183105469,155552400
2020-08-28,121.17151641845703,124.80750274658203,126.44249725341797,124.57749938964844,126.01249694824219,187630000
2020-08-31,125.28074645996094,129.0399932861328,131.0,126.0,127.58000183105469,225702700
2020-09-01,130.27099609375,134.17999267578125,134.8000030517578,130.52999877929688,132.75999450683594,151948100
2020-09-02,127.57198333740234,131.39999389648438,137.97999572753906,127.0,137.58999633789062,200119000
2020-09-03,117.35842895507812,120.87999725341797,128.83999633789062,120.5,126.91000366210938,257599600
2020-09-04,117.43611145019531,120.95999908447266,123.69999694824219,110.88999938964844,120.06999969482422,332607200
2020-09-08,109.53325653076172,112.81999969482422,118.98999786376953,112.68000030517578,113.94999694824219,231366600
2020-09-09,113.90216064453125,117.31999969482422,119.13999938964844,115.26000213623047,117.26000213623047,176940500
2020-09-10,110.18373107910156,113.48999786376953,120.5,112.5,120.36000061035156,182274400
2020-09-11,108.73713684082031,112.0,115.2300033569336,110.0,114.56999969482422,180860300
2020-09-14,111.9992446899414,115.36000061035156,115.93000030517578,112.80000305175781,114.72000122070312,140150100
2020-09-15,112.17401885986328,115.54000091552734,118.83000183105469,113.61000061035156,118.33000183105469,184642000
2020-09-16,108.86334991455078,112.12999725341797,116.0,112.04000091552734,115.2300033569336,154679000
2020-09-17,107.12549591064453,110.33999633789062,112.19999694824219,108.70999908447266,109.72000122070312,178011000
2020-09-18,103.72746276855469,106.83999633789062,110.87999725341797,106.08999633789062,110.4000015258789,287104900
2020-09-21,106.87309265136719,110.08000183105469,110.19000244140625,103.0999984741211,104.54000091552734,195713800
2020-09-22,108.55267333984375,111.80999755859375,112.86000061035156,109.16000366210938,112.68000030517578,183055400
2020-09-23,103.99931335449219,107.12000274658203,112.11000061035156,106.7699966430664,111.62000274658203,150718700
2020-09-24,105.06725311279297,108.22000122070312,110.25,105.0,105.16999816894531,167743300
2020-09-25,109.00898742675781,112.27999877929688,112.44000244140625,107.66999816894531,108.43000030517578,149981400
2020-09-28,111.61091613769531,114.95999908447266,115.31999969482422,112.77999877929688,115.01000213623047,137672400
2020-09-29,110.76625061035156,114.08999633789062,115.30999755859375,113.56999969482422,114.55000305175781,99382200
2020-09-30,112.43616485595703,115.80999755859375,117.26000213623047,113.62000274658203,113.79000091552734,142675200
2020-10-01,113.3875961303711,116.79000091552734,117.72000122070312,115.83000183105469,117.63999938964844,116120400
2020-10-02,109.72742462158203,113.0199966430664,115.37000274658203,112.22000122070312,112.88999938964844,144712000
2020-10-05,113.10604095458984,116.5,116.6500015258789,113.55000305175781,113.91000366210938,106243800
2020-10-06,109.86335754394531,113.16000366210938,116.12000274658203,112.25,115.69999694824219,161498200
2020-10-07,111.72742462158203,115.08000183105469,115.55000305175781,114.12999725341797,114.62000274658203,96849000
2020-10-08,111.62061309814453,114.97000122070312,116.4000015258789,114.58999633789062,116.25,83477200
2020-10-09,113.56233215332031,116.97000122070312,117.0,114.91999816894531,115.27999877929688,100506900
2020-10-12,120.77590942382812,124.4000015258789,125.18000030517578,119.27999877929688,120.05999755859375,240226800
2020-10-13,117.57202911376953,121.0999984741211,125.38999938964844,119.6500015258789,125.2699966430664,262330500
2020-10-14,117.65939331054688,121.19000244140625,123.02999877929688,119.62000274658203,121.0,150712000
2020-10-15,117.19338989257812,120.70999908447266,121.19999694824219,118.1500015258789,118.72000122070312,112559200
2020-10-16,115.55260467529297,119.0199966430664,121.55000305175781,118.80999755859375,121.27999877929688,115393800
2020-10-19,112.60118865966797,115.9800033569336,120.41999816894531,115.66000366210938,119.95999908447266,120639300
2020-10-20,114.08663177490234,117.51000213623047,118.9800033569336,115.62999725341797,116.19999694824219,124423700
2020-10-21,113.46526336669922,116.87000274658203,118.70999908447266,116.44999694824219,116.66999816894531,89946000
2020-10-22,112.37787628173828,115.75,118.04000091552734,114.58999633789062,117.44999694824219,101988000
2020-10-23,111.68856048583984,115.04000091552734,116.55000305175781,114.27999877929688,116.38999938964844,82572600
2020-10-26,111.69828033447266,115.05000305175781,116.55000305175781,112.87999725341797,114.01000213623047,111850700
2020-10-27,113.203125,116.5999984741211,117.27999877929688,114.54000091552734,115.48999786376953,92276800
2020-10-28,107.9604263305664,111.19999694824219,115.43000030517578,111.0999984741211,115.05000305175781,143937800
2020-10-29,111.96040344238281,115.31999969482422,116.93000030517578,112.19999694824219,112.37000274658203,146129200
2020-10-30,105.6886215209961,108.86000061035156,111.98999786376953,107.72000122070312,111.05999755859375,190272600
2020-11-02,105.60124206542969,108.7699966430664,110.68000030517578,107.31999969482422,109.11000061035156,122866900
2020-11-03,107.22259521484375,110.44000244140625,111.48999786376953,108.7300033569336,109.66000366210938,107624400
2020-11-04,111.6011962890625,114.94999694824219,115.58999633789062,112.3499984741211,114.13999938964844,138235500
2020-11-05,115.56232452392578,119.02999877929688,119.62000274658203,116.87000274658203,117.94999694824219,126387100
2020-11-06,115.43104553222656,118.69000244140625,119.19999694824219,116.12999725341797,118.31999969482422,114457900
2020-11-09,113.12613677978516,116.31999969482422,121.98999786376953,116.05000305175781,120.5,154515300
2020-11-10,112.78573608398438,115.97000122070312,117.58999633789062,114.12999725341797,115.55000305175781,138023400
2020-11-11,116.20906829833984,119.48999786376953,119.62999725341797,116.44000244140625,117.19000244140625,112295000
2020-11-12,115.93675994873047,119.20999908447266,120.52999877929688,118.56999969482422,119.62000274658203,103162300
2020-11-13,115.98538970947266,119.26000213623047,119.66999816894531,117.87000274658203,119.44000244140625,81581900
2020-11-16,116.99683380126953,120.30000305175781,120.98999786376953,118.1500015258789,118.91999816894531,91183000
2020-11-17,116.11182403564453,119.38999938964844,120.66999816894531,118.95999908447266,119.55000305175781,74271000
2020-11-18,114.78917694091797,118.02999877929688,119.81999969482422,118.0,118.61000061035156,76322100
2020-11-19,115.38241577148438,118.63999938964844,119.05999755859375,116.80999755859375,117.58999633789062,74113000
2020-11-20,114.11808776855469,117.33999633789062,118.7699966430664,117.29000091552734,118.63999938964844,73604300
2020-11-23,110.72395324707031,113.8499984741211,117.62000274658203,113.75,117.18000030517578,127959300
2020-11-24,112.00768280029297,115.16999816894531,115.8499984741211,112.58999633789062,113.91000366210938,113874200
2020-11-25,112.8440933227539,116.02999877929688,116.75,115.16999816894531,115.55000305175781,76499200
2020-11-27,113.38868713378906,116.58999633789062,117.48999786376953,116.22000122070312,116.56999969482422,46691300
2020-11-30,115.78116607666016,119.05000305175781,120.97000122070312,116.80999755859375,116.97000122070312,169410200
2020-12-01,119.35040283203125,122.72000122070312,123.47000122070312,120.01000213623047,121.01000213623047,127728200
2020-12-02,119.70050811767578,123.08000183105469,123.37000274658203,120.88999938964844,122.0199966430664,89004200
2020-12-03,119.56434631347656,122.94000244140625,123.77999877929688,122.20999908447266,123.5199966430664,78967600
2020-12-04,118.8932876586914,122.25,122.86000061035156,121.5199966430664,122.5999984741211,78260400
2020-12-07,120.35211944580078,123.75,124.56999969482422,122.25,122.30999755859375,86712000
2020-12-08,120.96481323242188,124.37999725341797,124.9800033569336,123.08999633789062,124.37000274658203,82225500
2020-12-09,118.43620300292969,121.77999877929688,125.94999694824219,121.0,124.52999877929688,115089200
2020-12-10,119.85609436035156,123.23999786376953,123.87000274658203,120.1500015258789,120.5,81312200
2020-12-11,119.04889678955078,122.41000366210938,122.76000213623047,120.55000305175781,122.43000030517578,86939800
2020-12-14,118.43620300292969,121.77999877929688,123.3499984741211,121.54000091552734,122.5999984741211,79184500
2020-12-15,124.36869812011719,127.87999725341797,127.9000015258789,124.12999725341797,124.33999633789062,157243700
2020-12-16,124.30061340332031,127.80999755859375,128.3699951171875,126.55999755859375,127.41000366210938,98208600
2020-12-17,125.16616821289062,128.6999969482422,129.5800018310547,128.0399932861328,128.89999389648438,94359800
2020-12-18,123.18219757080078,126.66000366210938,129.10000610351562,126.12000274658203,128.9600067138672,192541500
2020-12-21,124.7091064453125,128.22999572753906,128.30999755859375,123.44999694824219,125.0199966430664,121251600
2020-12-22,128.25885009765625,131.8800048828125,134.41000366210938,129.64999389648438,131.61000061035156,168904800
2020-12-23,127.3641586303711,130.9600067138672,132.42999267578125,130.77999877929688,132.16000366210938,88223700
2020-12-24,128.346435546875,131.97000122070312,133.4600067138672,131.10000610351562,131.32000732421875,54930100
2020-12-28,132.93679809570312,136.69000244140625,137.33999633789062,133.50999450683594,133.99000549316406,124486200
2020-12-29,131.166748046875,134.8699951171875,138.7899932861328,134.33999633789062,138.0500030517578,121047300
2020-12-30,130.04835510253906,133.72000122070312,135.99000549316406,133.39999389648438,135.5800018310547,96452100
2020-12-31,129.046630859375,132.69000244140625,134.74000549316406,131.72000122070312,134.0800018310547,99116600
2021-01-04,125.85670471191406,129.41000366210938,133.61000061035156,126.76000213623047,133.52000427246094,143301900
2021-01-05,127.41273498535156,131.00999450683594,131.74000549316406,128.42999267578125,128.88999938964844,97664900
2021-01-06,123.12386322021484,126.5999984741211,131.0500030517578,126.37999725341797,127.72000122070312,155088000
2021-01-07,127.32525634765625,130.9199981689453,131.6300048828125,127.86000061035156,128.36000061035156,109578200
2021-01-08,128.4242401123047,132.0500030517578,132.6300048828125,130.22999572753906,132.42999267578125,105158200
2021-01-11,125.43849182128906,128.97999572753906,130.1699981689453,128.5,129.19000244140625,100384500
2021-01-12,125.26345825195312,128.8000030517578,129.69000244140625,126.86000061035156,128.5,91951100
2021-01-13,127.29605865478516,130.88999938964844,131.4499969482422,128.49000549316406,128.75999450683594,88636800
2021-01-14,125.37043762207031,128.91000366210938,131.0,128.75999450683594,130.8000030517578,90221800
2021-01-15,123.64903259277344,127.13999938964844,130.22000122070312,127.0,128.77999877929688,111598500
2021-01-19,124.3200912475586,127.83000183105469,128.7100067138672,126.94000244140625,127.77999877929688,90757300
2021-01-20,128.4047393798828,132.02999877929688,132.49000549316406,128.5500030517578,128.66000366210938,104319500
2021-01-21,133.11183166503906,136.8699951171875,139.6699981689453,133.58999633789062,133.8000030517578,120150900
2021-01-22,135.25146484375,139.07000732421875,139.85000610351562,135.02000427246094,136.27999877929688,114459400
2021-01-25,138.99574279785156,142.9199981689453,145.08999633789062,136.5399932861328,143.07000732421875,157611700
2021-01-26,139.2291717529297,143.16000366210938,144.3000030517578,141.3699951171875,143.60000610351562,98390600
2021-01-27,138.1593475341797,142.05999755859375,144.3000030517578,140.41000366210938,143.42999267578125,140843800
2021-01-28,133.32579040527344,137.08999633789062,141.99000549316406,136.6999969482422,139.52000427246094,142621100
2021-01-29,128.336669921875,131.9600067138672,136.74000549316406,130.2100067138672,135.8300018310547,177523800
2021-02-01,130.45680236816406,134.13999938964844,135.3800048828125,130.92999267578125,133.75,106239800
2021-02-02,131.28350830078125,134.99000549316406,136.30999755859375,134.61000061035156,135.72999572753906,83305400
2021-02-03,130.2623291015625,133.94000244140625,135.77000427246094,133.61000061035156,135.75999450683594,89880900
2021-02-04,133.61758422851562,137.38999938964844,137.39999389648438,134.58999633789062,136.3000030517578,84183100
2021-02-05,133.20362854003906,136.75999450683594,137.4199981689453,135.86000061035156,137.35000610351562,75693800
2021-02-08,133.34976196289062,136.91000366210938,136.9600067138672,134.9199981689453,136.02999877929688,71297200
2021-02-09,132.47314453125,136.00999450683594,137.8800048828125,135.85000610351562,136.6199951171875,76774200
2021-02-10,131.86924743652344,135.38999938964844,136.99000549316406,134.39999389648438,136.47999572753906,73046600
2021-02-11,131.61602783203125,135.1300048828125,136.38999938964844,133.77000427246094,135.89999389648438,64280000
2021-02-12,131.8497772216797,135.3699951171875,135.52999877929688,133.69000244140625,134.35000610351562,60145100
2021-02-16,129.72647094726562,133.19000244140625,136.00999450683594,132.7899932861328,135.49000549316406,80576300
2021-02-17,127.4375991821289,130.83999633789062,132.22000122070312,129.47000122070312,131.25,97918500
2021-02-18,126.33698272705078,129.7100067138672,130.0,127.41000366210938,129.1999969482422,96856700
2021-02-19,126.4927978515625,129.8699951171875,130.7100067138672,128.8000030517578,130.24000549316406,87668800
2021-02-22,122.72343444824219,126.0,129.72000122070312,125.5999984741211,128.00999450683594,103916400
2021-02-23,122.58707427978516,125.86000061035156,126.70999908447266,118.38999938964844,123.76000213623047,158273000
2021-02-24,122.09033203125,125.3499984741211,125.55999755859375,122.2300033569336,124.94000244140625,111039900
2021-02-25,117.84371185302734,120.98999786376953,126.45999908447266,120.54000091552734,124.68000030517578,148199500
2021-02-26,118.10669708251953,121.26000213623047,124.8499984741211,121.19999694824219,122.58999633789062,164560400
2021-03-01,124.46688842773438,127.79000091552734,127.93000030517578,122.79000091552734,123.75,116307900
2021-03-02,121.8663330078125,125.12000274658203,128.72000122070312,125.01000213623047,128.41000366210938,102260900
2021-03-03,118.88589477539062,122.05999755859375,125.70999908447266,121.83999633789062,124.80999755859375,112966300
2021-03-04,117.0060806274414,120.12999725341797,123.5999984741211,118.62000274658203,121.75,178155000
2021-03-05,118.26254272460938,121.41999816894531,121.94000244140625,117.56999969482422,120.9800033569336,153766600
2021-03-08,113.33411407470703,116.36000061035156,121.0,116.20999908447266,120.93000030517578,154376600
2021-03-09,117.94112396240234,121.08999633789062,122.05999755859375,118.79000091552734,119.02999877929688,129525800
2021-03-10,116.8599853515625,119.9800033569336,122.16999816894531,119.44999694824219,121.69000244140625,111943300
2021-03-11,118.78849029541016,121.95999908447266,123.20999908447266,121.26000213623047,122.54000091552734,103026500
2021-03-12,117.88268280029297,121.02999877929688,121.16999816894531,119.16000366210938,120.4000015258789,88105100
2021-03-15,120.76569366455078,123.98999786376953,124.0,120.41999816894531,121.41000366210938,92403800
2021-03-16,122.30463409423828,125.56999969482422,127.22000122070312,124.72000122070312,125.69999694824219,115227900
2021-03-17,121.51570129394531,124.76000213623047,125.86000061035156,122.33999633789062,124.05000305175781,111932600
2021-03-18,117.39569091796875,120.52999877929688,123.18000030517578,120.31999969482422,122.87999725341797,121229700
2021-03-19,116.86973571777344,119.98999786376953,121.43000030517578,119.68000030517578,119.9000015258789,185549500
2021-03-22,120.18130493164062,123.38999938964844,123.87000274658203,120.26000213623047,120.33000183105469,111912300
2021-03-23,119.3534164428711,122.54000091552734,124.23999786376953,122.13999938964844,123.33000183105469,95467100
2021-03-24,116.96712493896484,120.08999633789062,122.9000015258789,120.06999969482422,122.81999969482422,88530500
2021-03-25,117.4541244506836,120.58999633789062,121.66000366210938,119.0,119.54000091552734,98844700
2021-03-26,118.05799865722656,121.20999908447266,121.4800033569336,118.91999816894531,120.3499984741211,94071200
2021-03-29,118.23331451416016,121.38999938964844,122.58000183105469,120.7300033569336,121.6500015258789,80819200
2021-03-30,116.78207397460938,119.9000015258789,120.4000015258789,118.86000061035156,120.11000061035156,85671900
2021-03-31,118.97356414794922,122.1500015258789,123.5199966430664,121.1500015258789,121.6500015258789,118323800
2021-04-01,119.80146026611328,123.0,124.18000030517578,122.48999786376953,123.66000366210938,75089100
2021-04-05,122.62606048583984,125.9000015258789,126.16000366210938,123.06999969482422,123.87000274658203,88651200
2021-04-06,122.9279556274414,126.20999908447266,127.12999725341797,125.6500015258789,126.5,80171300
2021-04-07,124.57403564453125,127.9000015258789,127.91999816894531,125.13999938964844,125.83000183105469,83466700
2021-04-08,126.97005462646484,130.36000061035156,130.38999938964844,128.52000427246094,128.9499969482422,88844600
2021-04-09,129.54139709472656,133.0,133.0399932861328,129.47000122070312,129.8000030517578,106686700
2021-04-12,127.8271713256836,131.24000549316406,132.85000610351562,130.6300048828125,132.52000427246094,91420000
2021-04-13,130.93418884277344,134.42999267578125,134.66000366210938,131.92999267578125,132.44000244140625,91266500
2021-04-14,128.5966339111328,132.02999877929688,135.0,131.66000366210938,134.94000244140625,87222800
2021-04-15,131.00242614746094,134.5,135.0,133.63999938964844,133.82000732421875,89347100
2021-04-16,130.67123413085938,134.16000366210938,134.6699981689453,133.27999877929688,134.3000030517578,84922400
2021-04-19,131.3335418701172,134.83999633789062,135.47000122070312,133.33999633789062,133.50999450683594,94264200
2021-04-20,129.64857482910156,133.11000061035156,135.52999877929688,131.80999755859375,135.02000427246094,94812300
2021-04-21,130.0283660888672,133.5,133.75,131.3000030517578,132.36000061035156,68847100
2021-04-22,128.5089874267578,131.94000244140625,134.14999389648438,131.41000366210938,133.0399932861328,84566500
2021-04-23,130.82705688476562,134.32000732421875,135.1199951171875,132.16000366210938,132.16000366210938,78657500
2021-04-26,131.2166748046875,134.72000122070312,135.05999755859375,133.55999755859375,134.8300018310547,66905100
2021-04-27,130.89523315429688,134.38999938964844,135.41000366210938,134.11000061035156,135.00999450683594,66015800
2021-04-28,130.1063232421875,133.5800018310547,135.02000427246094,133.0800018310547,134.30999755859375,107760100
2021-04-29,130.00889587402344,133.47999572753906,137.07000732421875,132.4499969482422,136.47000122070312,151101000
2021-04-30,128.0414581298828,131.4600067138672,133.55999755859375,131.07000732421875,131.77999877929688,109839500
2021-05-03,129.0933837890625,132.5399932861328,134.07000732421875,131.8300018310547,132.0399932861328,75135100
2021-05-04,124.52531433105469,127.8499984741211,131.49000549316406,126.69999694824219,131.19000244140625,137564700
2021-05-05,124.76883697509766,128.10000610351562,130.4499969482422,127.97000122070312,129.1999969482422,84000900
2021-05-06,126.36619567871094,129.74000549316406,129.75,127.12999725341797,127.88999938964844,78128300
2021-05-07,127.0394058227539,130.2100067138672,131.25999450683594,129.47999572753906,130.85000610351562,78973300
2021-05-10,123.76119995117188,126.8499984741211,129.5399932861328,126.80999755859375,129.41000366210938,88071200
2021-05-11,122.8440933227539,125.91000366210938,126.2699966430664,122.7699966430664,123.5,126142800
2021-05-12,119.7805404663086,122.7699966430664,124.63999938964844,122.25,123.4000015258789,112172300
2021-05-13,121.92697143554688,124.97000122070312,126.1500015258789,124.26000213623047,124.58000183105469,105861300
2021-05-14,124.34657287597656,127.44999694824219,127.88999938964844,125.8499984741211,126.25,81918000
2021-05-17,123.19532012939453,126.2699966430664,126.93000030517578,125.16999816894531,126.81999969482422,74244600
2021-05-18,121.80990600585938,124.8499984741211,126.98999786376953,124.77999877929688,126.55999755859375,63342900
2021-05-19,121.65379333496094,124.69000244140625,124.91999816894531,122.86000061035156,123.16000366210938,92612000
2021-05-20,124.20997619628906,127.30999755859375,127.72000122070312,125.0999984741211,125.2300033569336,76857100
2021-05-21,122.37577819824219,125.43000030517578,128.0,125.20999908447266,127.81999969482422,79295400
2021-05-24,124.0051040649414,127.0999984741211,127.94000244140625,125.94000244140625,126.01000213623047,63092900
2021-05-25,123.80996704101562,126.9000015258789,128.32000732421875,126.31999969482422,127.81999969482422,72009500
2021-05-26,123.76119995117188,126.8499984741211,127.38999938964844,126.41999816894531,126.95999908447266,56575900
2021-05-27,122.22942352294922,125.27999877929688,127.63999938964844,125.08000183105469,126.44000244140625,94625600
2021-05-28,121.57574462890625,124.61000061035156,125.80000305175781,124.55000305175781,125.56999969482422,71311100
2021-06-01,121.2537841796875,124.27999877929688,125.3499984741211,123.94000244140625,125.08000183105469,67637100
2021-06-02,122.01477813720703,125.05999755859375,125.23999786376953,124.05000305175781,124.27999877929688,59278900
2021-06-03,120.53180694580078,123.54000091552734,124.8499984741211,123.12999725341797,124.68000030517578,76229200
2021-06-04,122.8245620727539,125.88999938964844,126.16000366210938,123.8499984741211,124.06999969482422,75169300
2021-06-07,122.83434295654297,125.9000015258789,126.31999969482422,124.83000183105469,126.16999816894531,71057600
2021-06-08,123.65387725830078,126.73999786376953,128.4600067138672,126.20999908447266,126.5999984741211,74403800
2021-06-09,124.03437042236328,127.12999725341797,127.75,126.5199966430664,127.20999908447266,56877900
2021-06-10,123.03921508789062,126.11000061035156,128.19000244140625,125.94000244140625,127.0199966430664,71186400
2021-06-11,124.24901580810547,127.3499984741211,127.44000244140625,126.0999984741211,126.52999877929688,53522400
2021-06-14,127.30279541015625,130.47999572753906,130.5399932861328,127.06999969482422,127.81999969482422,96906500
2021-06-15,126.48324584960938,129.63999938964844,130.60000610351562,129.38999938964844,129.94000244140625,62746300
2021-06-16,126.98084259033203,130.14999389648438,130.88999938964844,128.4600067138672,130.3699951171875,91815000
2021-06-17,128.58091735839844,131.7899932861328,132.5500030517578,129.64999389648438,129.8000030517578,96721700
2021-06-18,127.28328704833984,130.4600067138672,131.50999450683594,130.24000549316406,130.7100067138672,108953300
2021-06-21,129.07850646972656,132.3000030517578,132.41000366210938,129.2100067138672,130.3000030517578,79663300
2021-06-22,130.71754455566406,133.97999572753906,134.0800018310547,131.6199951171875,132.1300048828125,74783600
2021-06-23,130.44442749023438,133.6999969482422,134.32000732421875,133.22999572753906,133.77000427246094,60214200
2021-06-24,130.1614227294922,133.41000366210938,134.63999938964844,132.92999267578125,134.4499969482422,68711000
2021-06-25,129.8687744140625,133.11000061035156,133.88999938964844,132.80999755859375,133.4600067138672,70783700
2021-06-28,131.4981231689453,134.77999877929688,135.25,133.35000610351562,133.41000366210938,62111300
2021-06-29,133.01034545898438,136.3300018310547,136.49000549316406,134.35000610351562,134.8000030517578,64556100
2021-06-30,133.62503051757812,136.9600067138672,137.41000366210938,135.8699951171875,136.1699981689453,63261400
2021-07-01,133.92747497558594,137.27000427246094,137.3300018310547,135.75999450683594,136.60000610351562,52485800
2021-07-02,136.55198669433594,139.9600067138672,140.0,137.75,137.89999389648438,78852600
2021-07-06,138.5618133544922,142.02000427246094,143.14999389648438,140.07000732421875,140.07000732421875,108181800
2021-07-07,141.04974365234375,144.57000732421875,144.88999938964844,142.66000366210938,143.5399932861328,104911600
2021-07-08,139.7521209716797,143.24000549316406,144.05999755859375,140.6699981689453,141.5800018310547,105575500
2021-07-09,141.57659912109375,145.11000061035156,145.64999389648438,142.64999389648438,142.75,99890800
2021-07-12,140.9813995361328,144.5,146.32000732421875,144.0,146.2100067138672,76299700
2021-07-13,142.09365844726562,145.63999938964844,147.4600067138672,143.6300048828125,144.02999877929688,100827100
2021-07-14,145.5181884765625,149.14999389648438,149.57000732421875,147.67999267578125,148.10000610351562,127050800
2021-07-15,144.86451721191406,148.47999572753906,150.0,147.08999633789062,149.24000549316406,106820300
2021-07-16,142.8253936767578,146.38999938964844,149.75999450683594,145.8800048828125,148.4600067138672,93251400
2021-07-19,138.98133850097656,142.4499969482422,144.07000732421875,141.6699981689453,143.75,121434600
2021-07-20,142.59120178222656,146.14999389648438,147.10000610351562,142.9600067138672,143.4600067138672,96350000
2021-07-21,141.8594512939453,145.39999389648438,146.1300048828125,144.6300048828125,145.52999877929688,74993500
2021-07-22,143.22543334960938,146.8000030517578,148.1999969482422,145.80999755859375,145.94000244140625,77338200
2021-07-23,144.9425811767578,148.55999755859375,148.72000122070312,146.9199981689453,147.5500030517578,71447400
2021-07-26,145.36209106445312,148.99000549316406,149.8300018310547,147.6999969482422,148.27000427246094,72434100
2021-07-27,143.19618225097656,146.77000427246094,149.2100067138672,145.5500030517578,149.1199951171875,104818600
2021-07-28,141.44970703125,144.97999572753906,146.97000122070312,142.5399932861328,144.80999755859375,118931200
2021-07-29,142.09365844726562,145.63999938964844,146.5500030517578,144.5800018310547,144.69000244140625,56699500
2021-07-30,142.30831909179688,145.86000061035156,146.3300018310547,144.11000061035156,144.3800048828125,70440600
2021-08-02,141.97659301757812,145.52000427246094,146.9499969482422,145.25,146.36000061035156,62880000
2021-08-03,143.77178955078125,147.36000061035156,148.0399932861328,145.17999267578125,145.80999755859375,64786600
2021-08-04,143.37176513671875,146.9499969482422,147.7899932861328,146.27999877929688,147.27000427246094,56368300
2021-08-05,143.47906494140625,147.05999755859375,147.83999633789062,146.1699981689453,146.97999572753906,46397700
2021-08-06,142.7951202392578,146.13999938964844,147.11000061035156,145.6300048828125,146.35000610351562,54126800
2021-08-09,142.7462615966797,146.08999633789062,146.6999969482422,145.52000427246094,146.1999969482422,48908700
2021-08-10,142.26747131347656,145.60000610351562,147.7100067138672,145.3000030517578,146.44000244140625,69023100
2021-08-11,142.52154541015625,145.86000061035156,146.72000122070312,145.52999877929688,146.0500030517578,48493500
2021-08-12,145.4821319580078,148.88999938964844,149.0500030517578,145.83999633789062,146.19000244140625,72282600
2021-08-13,145.6873779296875,149.10000610351562,149.44000244140625,148.27000427246094,148.97000122070312,59375000
2021-08-16,147.66110229492188,151.1199951171875,151.19000244140625,146.47000122070312,148.5399932861328,103296000
2021-08-17,146.75241088867188,150.19000244140625,151.67999267578125,149.08999633789062,150.22999572753906,92229700
2021-08-18,143.0100860595703,146.36000061035156,150.72000122070312,146.14999389648438,149.8000030517578,86326000
2021-08-19,143.34228515625,146.6999969482422,148.0,144.5,145.02999877929688,86960300
2021-08-20,144.79818725585938,148.19000244140625,148.5,146.77999877929688,147.44000244140625,60549600
2021-08-23,146.2833709716797,149.7100067138672,150.19000244140625,147.88999938964844,148.30999755859375,60131800
2021-08-24,146.19544982910156,149.6199951171875,150.86000061035156,149.14999389648438,149.4499969482422,48606400
2021-08-25,144.9643096923828,148.36000061035156,150.32000732421875,147.8000030517578,149.80999755859375,58991300
2021-08-26,144.16307067871094,147.5399932861328,149.1199951171875,147.50999450683594,148.35000610351562,48597200
2021-08-27,145.1988067626953,148.60000610351562,148.75,146.8300018310547,147.47999572753906,55802400
2021-08-30,149.61534118652344,153.1199951171875,153.49000549316406,148.61000061035156,149.0,90956700
2021-08-31,148.35487365722656,151.8300018310547,152.8000030517578,151.2899932861328,152.66000366210938,86453100
2021-09-01,149.01934814453125,152.50999450683594,154.97999572753906,152.33999633789062,152.8300018310547,80313700
2021-09-02,150.13320922851562,153.64999389648438,154.72000122070312,152.39999389648438,153.8699951171875,71115500
2021-09-03,150.76832580566406,154.3000030517578,154.6300048828125,153.08999633789062,153.75999450683594,57808700
2021-09-07,153.1036376953125,156.69000244140625,157.25999450683594,154.38999938964844,154.97000122070312,82278300
2021-09-08,151.559814453125,155.11000061035156,157.0399932861328,153.97999572753906,156.97999572753906,74420200
2021-09-09,150.54359436035156,154.07000732421875,156.11000061035156,153.9499969482422,155.49000549316406,57305700
2021-09-10,145.56033325195312,148.97000122070312,155.47999572753906,148.6999969482422,155.0,140893200
2021-09-13,146.12705993652344,149.5500030517578,151.4199981689453,148.75,150.6300048828125,102404300
2021-09-14,144.7297821044922,148.1199951171875,151.07000732421875,146.91000366210938,150.35000610351562,109296300
2021-09-15,145.6189422607422,149.02999877929688,149.44000244140625,146.3699951171875,148.55999755859375,83281300
2021-09-16,145.3844757080078,148.7899932861328,148.97000122070312,147.22000122070312,148.44000244140625,68034100
2021-09-17,142.7169189453125,146.05999755859375,148.82000732421875,145.75999450683594,148.82000732421875,129868800
2021-09-20,139.66835021972656,142.94000244140625,144.83999633789062,141.27000427246094,143.8000030517578,123478900
2021-09-21,140.1471405029297,143.42999267578125,144.60000610351562,142.77999877929688,143.92999267578125,75834000
2021-09-22,142.51171875,145.85000610351562,146.42999267578125,143.6999969482422,144.4499969482422,76404300
2021-09-23,143.4693145751953,146.8300018310547,147.0800018310547,145.63999938964844,146.64999389648438,64838200
2021-09-24,143.55723571777344,146.9199981689453,147.47000122070312,145.55999755859375,145.66000366210938,53477900
2021-09-27,142.0427703857422,145.3699951171875,145.9600067138672,143.82000732421875,145.47000122070312,74150700
2021-09-28,138.6619415283203,141.91000366210938,144.75,141.69000244140625,143.25,108972300
2021-09-29,139.5608673095703,142.8300018310547,144.4499969482422,142.02999877929688,142.47000122070312,74602000
2021-09-30,138.2613067626953,141.5,144.3800048828125,141.27999877929688,143.66000366210938,89056700
2021-10-01,139.38497924804688,142.64999389648438,142.9199981689453,139.11000061035156,141.89999389648438,94639600
2021-10-04,135.955322265625,139.13999938964844,142.2100067138672,138.27000427246094,141.75999450683594,98322000
2021-10-05,137.88021850585938,141.11000061035156,142.24000549316406,139.36000061035156,139.49000549316406,80861100
2021-10-06,138.7498779296875,142.0,142.14999389648438,138.3699951171875,139.47000122070312,83221100
2021-10-07,140.0103302001953,143.2899932861328,144.22000122070312,142.72000122070312,143.05999755859375,61732700
2021-10-08,139.62925720214844,142.89999389648438,144.17999267578125,142.55999755859375,144.02999877929688,58773200
2021-10-11,139.54136657714844,142.80999755859375,144.80999755859375,141.80999755859375,142.27000427246094,64452200
2021-10-12,138.27110290527344,141.50999450683594,143.25,141.0399932861328,143.22999572753906,73035900
2021-10-13,137.68479919433594,140.91000366210938,141.39999389648438,139.1999969482422,141.24000549316406,78762700
2021-10-14,140.46957397460938,143.75999450683594,143.8800048828125,141.50999450683594,142.11000061035156,69907100
2021-10-15,141.52487182617188,144.83999633789062,144.89999389648438,143.50999450683594,143.77000427246094,67940300
2021-10-18,143.1957550048828,146.5500030517578,146.83999633789062,143.16000366210938,143.4499969482422,85589200
2021-10-19,145.3551483154297,148.75999450683594,149.1699981689453,146.5500030517578,147.00999450683594,76378900
2021-10-20,145.84368896484375,149.25999450683594,149.75,148.1199951171875,148.6999969482422,58418800
2021-10-21,146.0586700439453,149.47999572753906,149.63999938964844,147.8699951171875,148.80999755859375,61421000
2021-10-22,145.2867431640625,148.69000244140625,150.17999267578125,148.63999938964844,149.69000244140625,58883400
2021-10-25,145.23789978027344,148.63999938964844,149.3699951171875,147.6199951171875,148.67999267578125,50720600
2021-10-26,145.90232849121094,149.32000732421875,150.83999633789062,149.00999450683594,149.3300018310547,60893400
2021-10-27,145.44309997558594,148.85000610351562,149.72999572753906,148.49000549316406,149.36000061035156,56094900
2021-10-28,149.0779571533203,152.57000732421875,153.1699981689453,149.72000122070312,149.82000732421875,100077900
2021-10-29,146.37135314941406,149.8000030517578,149.94000244140625,146.41000366210938,147.22000122070312,124953200
2021-11-01,145.55056762695312,148.9600067138672,149.6999969482422,147.8000030517578,148.99000549316406,74588300
2021-11-02,146.5863037109375,150.02000427246094,151.57000732421875,148.64999389648438,148.66000366210938,69122000
2021-11-03,148.0226593017578,151.49000549316406,151.97000122070312,149.82000732421875,150.38999938964844,54511500
2021-11-04,147.50477600097656,150.9600067138672,152.42999267578125,150.63999938964844,151.5800018310547,60394600
2021-11-05,148.03321838378906,151.27999877929688,152.1999969482422,150.05999755859375,151.88999938964844,65463900
2021-11-08,147.2112579345703,150.44000244140625,151.57000732421875,150.16000366210938,151.41000366210938,55020900
2021-11-09,147.57325744628906,150.80999755859375,151.42999267578125,150.05999755859375,150.1999969482422,56787900
2021-11-10,144.7453155517578,147.9199981689453,150.1300048828125,147.85000610351562,150.02000427246094,65187100
2021-11-11,144.69638061523438,147.8699951171875,149.42999267578125,147.67999267578125,148.9600067138672,41000000
2021-11-12,146.77090454101562,149.99000549316406,150.39999389648438,147.47999572753906,148.42999267578125,63804000
2021-11-15,146.78067016601562,150.0,151.8800048828125,149.42999267578125,150.3699951171875,59222800
2021-11-16,147.7592010498047,151.0,151.49000549316406,149.33999633789062,149.94000244140625,59256200
2021-11-17,150.19581604003906,153.49000549316406,155.0,150.99000549316406,151.0,88807000
2021-11-18,154.48175048828125,157.8699951171875,158.6699981689453,153.0500030517578,153.7100067138672,137827700
2021-11-19,157.104248046875,160.5500030517578,161.02000427246094,156.52999877929688,157.64999389648438,117305600
2021-11-22,157.5641632080078,161.02000427246094,165.6999969482422,161.0,161.67999267578125,117467900
2021-11-23,157.94580078125,161.41000366210938,161.8000030517578,159.05999755859375,161.1199951171875,96041900
2021-11-24,158.46441650390625,161.94000244140625,162.13999938964844,159.63999938964844,160.75,69463600
2021-11-26,153.44448852539062,156.80999755859375,160.4499969482422,156.36000061035156,159.57000732421875,76959800
2021-11-29,156.80088806152344,160.24000549316406,161.19000244140625,158.7899932861328,159.3699951171875,88748200
2021-11-30,161.75228881835938,165.3000030517578,165.52000427246094,159.9199981689453,159.99000549316406,174048100
2021-12-01,161.23365783691406,164.77000427246094,170.3000030517578,164.52999877929688,167.47999572753906,152052500
2021-12-02,160.24533081054688,163.75999450683594,164.1999969482422,157.8000030517578,158.74000549316406,136739200
2021-12-03,158.3665771484375,161.83999633789062,164.9600067138672,159.72000122070312,164.02000427246094,118023100
2021-12-06,161.77188110351562,165.32000732421875,167.8800048828125,164.27999877929688,164.2899932861328,107497000
2021-12-07,167.50608825683594,171.17999267578125,171.5800018310547,168.33999633789062,169.0800018310547,120405400
2021-12-08,171.32240295410156,175.0800018310547,175.9600067138672,170.6999969482422,172.1300048828125,116998900
2021-12-09,170.81356811523438,174.55999755859375,176.75,173.9199981689453,174.91000366210938,108923700
2021-12-10,175.5985870361328,179.4499969482422,179.6300048828125,174.69000244140625,175.2100067138672,115402700
2021-12-13,171.9682159423828,175.74000549316406,182.1300048828125,175.52999877929688,181.1199951171875,153237000
2021-12-14,170.5885009765625,174.3300018310547,177.74000549316406,172.2100067138672,175.25,139380400
2021-12-15,175.45187377929688,179.3000030517578,179.5,172.30999755859375,175.11000061035156,131063300
2021-12-16,168.5629119873047,172.25999450683594,181.13999938964844,170.75,179.27999877929688,150185800
2021-12-17,167.4669647216797,171.13999938964844,173.47000122070312,169.69000244140625,169.92999267578125,195432700
2021-12-20,166.10679626464844,169.75,170.5800018310547,167.4600067138672,168.27999877929688,107499100
2021-12-21,169.2772674560547,172.99000549316406,173.1999969482422,169.1199951171875,171.55999755859375,91185900
2021-12-22,171.87037658691406,175.63999938964844,175.86000061035156,172.14999389648438,173.0399932861328,92135300
2021-12-23,172.49661254882812,176.27999877929688,176.85000610351562,175.27000427246094,175.85000610351562,68356600
2021-12-27,176.45973205566406,180.3300018310547,180.4199981689453,177.07000732421875,177.08999633789062,74919600
2021-12-28,175.44204711914062,179.2899932861328,181.3300018310547,178.52999877929688,180.16000366210938,79144300
2021-12-29,175.5301055908203,179.3800048828125,180.6300048828125,178.13999938964844,179.3300018310547,62348900
2021-12-30,174.37545776367188,178.1999969482422,180.57000732421875,178.08999633789062,179.47000122070312,59773000
2021-12-31,173.7589874267578,177.57000732421875,179.22999572753906,177.25999450683594,178.08999633789062,64062300
2022-01-03,178.1036834716797,182.00999450683594,182.8800048828125,177.7100067138672,177.8300018310547,104487900
2022-01-04,175.84324645996094,179.6999969482422,182.94000244140625,179.1199951171875,182.6300048828125,99310400
2022-01-05,171.1658477783203,174.9199981689453,180.1699981689453,174.63999938964844,179.61000061035156,94537600
2022-01-06,168.30848693847656,172.0,175.3000030517578,171.63999938964844,172.6999969482422,96904000
2022-01-07,168.47483825683594,172.1699981689453,174.13999938964844,171.02999877929688,172.88999938964844,86709100
2022-01-10,168.49440002441406,172.19000244140625,172.5,168.1699981689453,169.0800018310547,106765600
2022-01-11,171.32240295410156,175.0800018310547,175.17999267578125,170.82000732421875,172.32000732421875,76138300
2022-01-12,171.76275634765625,175.52999877929688,177.17999267578125,174.82000732421875,176.1199951171875,74805200
2022-01-13,168.49440002441406,172.19000244140625,176.6199951171875,171.7899932861328,175.77999877929688,84505800
2022-01-14,169.35556030273438,173.07000732421875,173.77999877929688,171.08999633789062,171.33999633789062,80440800
2022-01-18,166.15573120117188,169.8000030517578,172.5399932861328,169.41000366210938,171.50999450683594,90956700
2022-01-19,162.6623077392578,166.22999572753906,171.0800018310547,165.94000244140625,170.0,94815000
2022-01-20,160.979248046875,164.50999450683594,169.67999267578125,164.17999267578125,166.97999572753906,91420500
2022-01-21,158.92434692382812,162.41000366210938,166.3300018310547,162.3000030517578,164.4199981689453,122848900
2022-01-24,158.1512908935547,161.6199951171875,162.3000030517578,154.6999969482422,160.02000427246094,162294600
2022-01-25,156.3507843017578,159.77999877929688,162.75999450683594,157.02000427246094,158.97999572753906,115798400
2022-01-26,156.2626953125,159.69000244140625,164.38999938964844,157.82000732421875,163.5,108275300
2022-01-27,155.80279541015625,159.22000122070312,163.83999633789062,158.27999877929688,162.4499969482422,121954600
2022-01-28,166.67434692382812,170.3300018310547,170.35000610351562,162.8000030517578,165.7100067138672,179935700
2022-01-31,171.02880859375,174.77999877929688,175.0,169.50999450683594,170.16000366210938,115541600
2022-02-01,170.86245727539062,174.61000061035156,174.83999633789062,172.30999755859375,174.00999450683594,86213900
2022-02-02,172.0660858154297,175.83999633789062,175.8800048828125,173.3300018310547,174.75,84914300
2022-02-03,169.18917846679688,172.89999389648438,176.24000549316406,172.1199951171875,174.47999572753906,89418100
2022-02-04,168.90504455566406,172.38999938964844,174.10000610351562,170.67999267578125,171.67999267578125,82465400
2022-02-07,168.1898193359375,171.66000366210938,173.9499969482422,170.9499969482422,172.86000061035156,77251200
2022-02-08,171.2957305908203,174.8300018310547,175.35000610351562,171.42999267578125,171.72999572753906,74829200
2022-02-09,172.71641540527344,176.27999877929688,176.64999389648438,174.89999389648438,176.0500030517578,71285000
2022-02-10,168.6405029296875,172.1199951171875,175.47999572753906,171.5500030517578,174.13999938964844,90865900
2022-02-11,165.23086547851562,168.63999938964844,173.0800018310547,168.0399932861328,172.3300018310547,98670700
2022-02-14,165.46603393554688,168.8800048828125,169.5800018310547,166.55999755859375,167.3699951171875,86185500
2022-02-15,169.2969512939453,172.7899932861328,172.9499969482422,170.25,170.97000122070312,62527400
2022-02-16,169.06179809570312,172.5500030517578,173.33999633789062,170.0500030517578,171.85000610351562,61177400
2022-02-17,165.46603393554688,168.8800048828125,171.91000366210938,168.47000122070312,171.02999877929688,69589300
2022-02-18,163.91793823242188,167.3000030517578,170.5399932861328,166.19000244140625,169.82000732421875,82772700
2022-02-22,160.99819946289062,164.32000732421875,166.69000244140625,162.14999389648438,164.97999572753906,91162800
2022-02-23,156.83412170410156,160.07000732421875,166.14999389648438,159.75,165.5399932861328,90009200
2022-02-24,159.4501495361328,162.74000549316406,162.85000610351562,152.0,152.5800018310547,141147500
2022-02-25,161.51747131347656,164.85000610351562,165.1199951171875,160.8699951171875,163.83999633789062,91974200
2022-02-28,161.7820281982422,165.1199951171875,165.4199981689453,162.42999267578125,163.05999755859375,95056600
2022-03-01,159.9008026123047,163.1999969482422,166.60000610351562,161.97000122070312,164.6999969482422,83474400
2022-03-02,163.19288635253906,166.55999755859375,167.36000061035156,162.9499969482422,164.38999938964844,79724800
2022-03-03,162.8695526123047,166.22999572753906,168.91000366210938,165.5500030517578,168.47000122070312,76678400
2022-03-04,159.87142944335938,163.1699981689453,165.5500030517578,162.10000610351562,164.49000549316406,83737200
2022-03-07,156.07969665527344,159.3000030517578,165.02000427246094,159.0399932861328,163.36000061035156,96418800
2022-03-08,154.2572784423828,157.44000244140625,162.8800048828125,155.8000030517578,158.82000732421875,131148300
2022-03-09,159.6558837890625,162.9499969482422,163.41000366210938,159.41000366210938,161.47999572753906,91454900
2022-03-10,155.31546020507812,158.52000427246094,160.38999938964844,155.97999572753906,160.1999969482422,105342000
2022-03-11,151.60203552246094,154.72999572753906,159.27999877929688,154.5,158.92999267578125,96970100
2022-03-14,147.5751495361328,150.6199951171875,154.1199951171875,150.10000610351562,151.4499969482422,108732100
2022-03-15,151.9547882080078,155.08999633789062,155.57000732421875,150.3800048828125,150.89999389648438,92964300
2022-03-16,156.36378479003906,159.58999633789062,160.0,154.4600067138672,157.0500030517578,102300200
2022-03-17,157.3730010986328,160.6199951171875,161.0,157.6300048828125,158.61000061035156,75615400
2022-03-18,160.66506958007812,163.97999572753906,164.47999572753906,159.75999450683594,160.50999450683594,123511700
2022-03-21,162.03677368164062,165.3800048828125,166.35000610351562,163.00999450683594,163.50999450683594,95811400
2022-03-22,165.40721130371094,168.82000732421875,169.4199981689453,164.91000366210938,165.50999450683594,81532000
2022-03-23,166.76913452148438,170.2100067138672,172.63999938964844,167.64999389648438,167.99000549316406,98062700
2022-03-24,170.5511016845703,174.07000732421875,174.13999938964844,170.2100067138672,171.05999755859375,90131400
2022-03-25,171.1879425048828,174.72000122070312,175.27999877929688,172.75,173.8800048828125,80546200
2022-03-28,172.05015563964844,175.60000610351562,175.72999572753906,172.0,172.1699981689453,90371900
2022-03-29,175.34226989746094,178.9600067138672,179.00999450683594,176.33999633789062,176.69000244140625,100589400
2022-03-30,174.17630004882812,177.77000427246094,179.61000061035156,176.6999969482422,178.5500030517578,92633200
2022-03-31,171.08021545410156,174.61000061035156,178.02999877929688,174.39999389648438,177.83999633789062,103049300
2022-04-01,170.78622436523438,174.30999755859375,174.8800048828125,171.94000244140625,174.02999877929688,78751300
2022-04-04,174.83273315429688,178.44000244140625,178.49000549316406,174.44000244140625,174.57000732421875,76468400
2022-04-05,171.5210723876953,175.05999755859375,178.3000030517578,174.4199981689453,177.5,73401800
2022-04-06,168.35638427734375,171.8300018310547,173.6300048828125,170.1300048828125,172.36000061035156,89058800
2022-04-07,168.6600799560547,172.13999938964844,173.36000061035156,169.85000610351562,171.16000366210938,77594700
2022-04-08,166.6515350341797,170.08999633789062,171.77999877929688,169.1999969482422,171.77999877929688,76575500
2022-04-11,162.39927673339844,165.75,169.02999877929688,165.5,168.7100067138672,72246700
2022-04-12,164.2706756591797,167.66000366210938,169.8699951171875,166.63999938964844,168.02000427246094,79265200
2022-04-13,166.95530700683594,170.39999389648438,171.0399932861328,166.77000427246094,167.38999938964844,70618900
2022-04-14,161.9486083984375,165.2899932861328,171.27000427246094,165.0399932861328,170.6199951171875,75329400
2022-04-18,161.7330322265625,165.07000732421875,166.60000610351562,163.57000732421875,163.9199981689453,69023900
2022-04-19,164.0159149169922,167.39999389648438,167.82000732421875,163.91000366210938,165.02000427246094,67723800
2022-04-20,163.849365234375,167.22999572753906,168.8800048828125,166.10000610351562,168.75999450683594,67929800
2022-04-21,163.05572509765625,166.4199981689453,171.52999877929688,165.91000366210938,168.91000366210938,87227800
2022-04-22,158.5193328857422,161.7899932861328,167.8699951171875,161.5,166.4600067138672,84882400
2022-04-25,159.5872802734375,162.8800048828125,163.1699981689453,158.4600067138672,161.1199951171875,96046400
2022-04-26,153.6302032470703,156.8000030517578,162.33999633789062,156.72000122070312,162.25,95623200
2022-04-27,153.40487670898438,156.57000732421875,159.7899932861328,155.3800048828125,155.91000366210938,88063200
2022-04-28,160.33193969726562,163.63999938964844,164.52000427246094,158.92999267578125,159.25,130216800
2022-04-29,154.46304321289062,157.64999389648438,166.1999969482422,157.25,161.83999633789062,131747600
2022-05-02,154.7667694091797,157.9600067138672,158.22999572753906,153.27000427246094,156.7100067138672,123055300
2022-05-03,156.2560272216797,159.47999572753906,160.7100067138672,156.32000732421875,158.14999389648438,88966500
2022-05-04,162.663818359375,166.02000427246094,166.47999572753906,159.25999450683594,159.6699981689453,108256500
2022-05-05,153.60081481933594,156.77000427246094,164.0800018310547,154.9499969482422,163.85000610351562,130525300
2022-05-06,154.3269500732422,157.27999877929688,159.44000244140625,154.17999267578125,156.00999450683594,116124600
2022-05-09,149.20492553710938,152.05999755859375,155.8300018310547,151.49000549316406,154.92999267578125,131577900
2022-05-10,151.6089324951172,154.50999450683594,156.74000549316406,152.92999267578125,155.52000427246094,115366700
2022-05-11,143.7493133544922,146.5,155.4499969482422,145.80999755859375,153.5,142689800
2022-05-12,139.88330078125,142.55999755859375,146.1999969482422,138.8000030517578,142.77000427246094,182602000
2022-05-13,144.3478546142578,147.11000061035156,148.10000610351562,143.11000061035156,144.58999633789062,113990900
2022-05-16,142.807373046875,145.5399932861328,147.52000427246094,144.17999267578125,145.5500030517578,86643800
2022-05-17,146.43789672851562,149.24000549316406,149.77000427246094,146.67999267578125,148.86000061035156,78336300
2022-05-18,138.17601013183594,140.82000732421875,147.36000061035156,139.89999389648438,146.85000610351562,109742900
2022-05-19,134.7711181640625,137.35000610351562,141.66000366210938,136.60000610351562,139.8800048828125,136095600
2022-05-20,135.00660705566406,137.58999633789062,140.6999969482422,132.61000061035156,139.08999633789062,137426100
2022-05-23,140.42298889160156,143.11000061035156,143.25999450683594,137.64999389648438,137.7899932861328,117726300
2022-05-24,137.724609375,140.36000061035156,141.97000122070312,137.3300018310547,140.80999755859375,104132700
2022-05-25,137.88160705566406,140.52000427246094,141.7899932861328,138.33999633789062,138.42999267578125,92482700
2022-05-26,141.0803985595703,143.77999877929688,144.33999633789062,137.13999938964844,137.38999938964844,90601500
2022-05-27,146.8303680419922,149.63999938964844,149.67999267578125,145.25999450683594,145.38999938964844,90978500
2022-05-31,146.04539489746094,148.83999633789062,150.66000366210938,146.83999633789062,149.07000732421875,103718400
2022-06-01,145.91783142089844,148.7100067138672,151.74000549316406,147.67999267578125,149.89999389648438,74286600
2022-06-02,148.37091064453125,151.2100067138672,151.27000427246094,146.86000061035156,147.8300018310547,72348100
2022-06-03,142.65036010742188,145.3800048828125,147.97000122070312,144.4600067138672,146.89999389648438,88570300
2022-06-06,143.39610290527344,146.13999938964844,148.57000732421875,144.89999389648438,147.02999877929688,71598400
2022-06-07,145.91783142089844,148.7100067138672,149.0,144.10000610351562,144.35000610351562,67808200
2022-06-08,145.18191528320312,147.9600067138672,149.8699951171875,147.4600067138672,148.5800018310547,53950200
2022-06-09,139.96180725097656,142.63999938964844,147.9499969482422,142.52999877929688,147.0800018310547,69473000
2022-06-10,134.5552978515625,137.1300048828125,140.75999450683594,137.05999755859375,140.27999877929688,91437900
2022-06-13,129.40382385253906,131.8800048828125,135.1999969482422,131.44000244140625,132.8699951171875,122207100
2022-06-14,130.26730346679688,132.75999450683594,133.88999938964844,131.47999572753906,133.1300048828125,84784300
2022-06-15,132.88719177246094,135.42999267578125,137.33999633789062,132.16000366210938,134.2899932861328,91533000
2022-06-16,127.6180191040039,130.05999755859375,132.38999938964844,129.0399932861328,132.0800018310547,108123900
2022-06-17,129.08985900878906,131.55999755859375,133.0800018310547,129.80999755859375,130.07000732421875,134520300
2022-06-21,133.3189239501953,135.8699951171875,137.05999755859375,133.32000732421875,133.4199981689453,81000500
2022-06-22,132.8087158203125,135.35000610351562,137.75999450683594,133.91000366210938,134.7899932861328,73409200
2022-06-23,135.67384338378906,138.27000427246094,138.58999633789062,135.6300048828125,136.82000732421875,72433800
2022-06-24,139.0001983642578,141.66000366210938,141.91000366210938,139.77000427246094,139.89999389648438,89116800
2022-06-27,139.0001983642578,141.66000366210938,143.49000549316406,140.97000122070312,142.6999969482422,70207900
2022-06-28,134.85946655273438,137.44000244140625,143.4199981689453,137.32000732421875,142.1300048828125,67083400
2022-06-29,136.61582946777344,139.22999572753906,140.6699981689453,136.6699981689453,137.4600067138672,66242400
2022-06-30,134.1529541015625,136.72000122070312,138.3699951171875,133.77000427246094,137.25,98964500
2022-07-01,136.32142639160156,138.92999267578125,139.0399932861328,135.66000366210938,136.0399932861328,71051600
2022-07-05,138.90206909179688,141.55999755859375,141.61000061035156,136.92999267578125,137.77000427246094,73353800
2022-07-06,140.236572265625,142.9199981689453,144.1199951171875,141.0800018310547,141.35000610351562,74064300
2022-07-07,143.60214233398438,146.35000610351562,146.5500030517578,143.27999877929688,143.2899932861328,66253700
2022-07-08,144.27919006347656,147.0399932861328,147.5500030517578,145.0,145.25999450683594,64547800
2022-07-11,142.14990234375,144.8699951171875,146.63999938964844,143.77999877929688,145.6699981689453,63141600
2022-07-12,143.12130737304688,145.86000061035156,148.4499969482422,145.0500030517578,145.75999450683594,77588800
2022-07-13,142.75833129882812,145.49000549316406,146.4499969482422,142.1199951171875,142.99000549316406,71185600
2022-07-14,145.68234252929688,148.47000122070312,148.9499969482422,143.25,144.0800018310547,78140700
2022-07-15,147.35044860839844,150.1699981689453,150.86000061035156,148.1999969482422,149.77999877929688,76259900
2022-07-18,144.30862426757812,147.07000732421875,151.57000732421875,146.6999969482422,150.74000549316406,81420900
2022-07-19,148.16481018066406,151.0,151.22999572753906,146.91000366210938,147.9199981689453,82982400
2022-07-20,150.1665496826172,153.0399932861328,153.72000122070312,150.3699951171875,151.1199951171875,64823400
2022-07-21,152.4331512451172,155.35000610351562,155.57000732421875,151.94000244140625,154.5,65086600
2022-07-22,151.19680786132812,154.08999633789062,156.27999877929688,153.41000366210938,155.38999938964844,66675400
2022-07-25,150.07823181152344,152.9499969482422,155.0399932861328,152.27999877929688,154.00999450683594,53623900
2022-07-26,148.7535858154297,151.60000610351562,153.08999633789062,150.8000030517578,152.25999450683594,55138700
2022-07-27,153.8461151123047,156.7899932861328,157.3300018310547,152.16000366210938,152.5800018310547,78620700
2022-07-28,154.3956298828125,157.35000610351562,157.63999938964844,154.41000366210938,156.97999572753906,81378700
2022-07-29,159.45872497558594,162.50999450683594,163.6300048828125,159.5,161.24000549316406,101786900
2022-08-01,158.47752380371094,161.50999450683594,163.58999633789062,160.88999938964844,161.00999450683594,67829400
2022-08-02,157.00567626953125,160.00999450683594,162.41000366210938,159.6300048828125,160.10000610351562,59907000
2022-08-03,163.0107421875,166.1300048828125,166.58999633789062,160.75,160.83999633789062,82507500
2022-08-04,162.69676208496094,165.80999755859375,167.19000244140625,164.42999267578125,166.00999450683594,55474100
2022-08-05,162.47076416015625,165.35000610351562,165.85000610351562,163.0,163.2100067138672,56697000
2022-08-08,161.99913024902344,164.8699951171875,167.80999755859375,164.1999969482422,166.3699951171875,60276900
2022-08-09,162.04824829101562,164.9199981689453,165.82000732421875,163.25,164.02000427246094,63135500
2022-08-10,166.2930450439453,169.24000549316406,169.33999633789062,166.89999389648438,167.67999267578125,70170500
2022-08-11,165.5561065673828,168.49000549316406,170.99000549316406,168.19000244140625,170.05999755859375,57149200
2022-08-12,169.10325622558594,172.10000610351562,172.1699981689453,169.39999389648438,169.82000732421875,68039400
2022-08-15,170.1742706298828,173.19000244140625,173.38999938964844,171.35000610351562,171.52000427246094,54091700
2022-08-16,170.01702880859375,173.02999877929688,173.7100067138672,171.66000366210938,172.77999877929688,56377100
2022-08-17,171.5105743408203,174.5500030517578,176.14999389648438,172.57000732421875,172.77000427246094,79542000
2022-08-18,171.11752319335938,174.14999389648438,174.89999389648438,173.1199951171875,173.75,62290100
2022-08-19,168.5333251953125,171.52000427246094,173.74000549316406,171.30999755859375,173.02999877929688,70346300
2022-08-22,164.6521453857422,167.57000732421875,169.86000061035156,167.13999938964844,169.69000244140625,69026800
2022-08-23,164.3180389404297,167.22999572753906,168.7100067138672,166.64999389648438,167.0800018310547,54147100
2022-08-24,164.61282348632812,167.52999877929688,168.11000061035156,166.25,167.32000732421875,53841500
2022-08-25,167.06927490234375,170.02999877929688,170.13999938964844,168.35000610351562,168.77999877929688,51218200
2022-08-26,160.7709197998047,163.6199951171875,171.0500030517578,163.55999755859375,170.57000732421875,78961000
2022-08-29,158.5699005126953,161.3800048828125,162.89999389648438,159.82000732421875,161.14999389648438,73314000
2022-08-30,156.14292907714844,158.91000366210938,162.55999755859375,157.72000122070312,162.1300048828125,77906200
2022-08-31,154.48233032226562,157.22000122070312,160.5800018310547,157.13999938964844,160.30999755859375,87991100
2022-09-01,155.20945739746094,157.9600067138672,158.4199981689453,154.6699981689453,156.63999938964844,74229900
2022-09-02,153.0968780517578,155.80999755859375,160.36000061035156,154.97000122070312,159.75,76957800
2022-09-06,151.83917236328125,154.52999877929688,157.08999633789062,153.69000244140625,156.47000122070312,73714800
2022-09-07,153.2442626953125,155.9600067138672,156.6699981689453,153.61000061035156,154.82000732421875,87449600
2022-09-08,151.77040100097656,154.4600067138672,156.36000061035156,152.67999267578125,154.63999938964844,84923800
2022-09-09,154.62973022460938,157.3699951171875,157.82000732421875,154.75,155.47000122070312,68028800
2022-09-12,160.58421325683594,163.42999267578125,164.25999450683594,159.3000030517578,159.58999633789062,104956000
2022-09-13,151.1611785888672,153.83999633789062,160.5399932861328,153.3699951171875,159.89999389648438,122656600
2022-09-14,152.60560607910156,155.30999755859375,157.10000610351562,153.61000061035156,154.7899932861328,87965400
2022-09-15,149.71678161621094,152.3699951171875,155.24000549316406,151.3800048828125,154.64999389648438,90481100
2022-09-16,148.0758514404297,150.6999969482422,151.35000610351562,148.3699951171875,151.2100067138672,162278800
2022-09-19,151.79005432128906,154.47999572753906,154.55999755859375,149.10000610351562,149.30999755859375,81474200
2022-09-20,154.16787719726562,156.89999389648438,158.0800018310547,153.0800018310547,153.39999389648438,107689800
2022-09-21,151.04330444335938,153.72000122070312,158.74000549316406,153.60000610351562,157.33999633789062,101696800
2022-09-22,150.08033752441406,152.74000549316406,154.47000122070312,150.91000366210938,152.3800048828125,86652500
2022-09-23,147.8105926513672,150.42999267578125,151.47000122070312,148.55999755859375,151.19000244140625,96029900
2022-09-26,148.14462280273438,150.77000427246094,153.77000427246094,149.63999938964844,149.66000366210938,93339400
2022-09-27,149.117431640625,151.75999450683594,154.72000122070312,149.9499969482422,152.74000549316406,84442700
2022-09-28,147.23081970214844,149.83999633789062,150.63999938964844,144.83999633789062,147.63999938964844,146691400
2022-09-29,139.9989776611328,142.47999572753906,146.72000122070312,140.67999267578125,146.10000610351562,128138200
2022-09-30,135.7935333251953,138.1999969482422,143.10000610351562,138.0,141.27999877929688,124925300
2022-10-03,139.96949768066406,142.4499969482422,143.07000732421875,137.69000244140625,138.2100067138672,114311700
2022-10-04,143.5559539794922,146.10000610351562,146.22000122070312,144.25999450683594,145.02999877929688,87830100
2022-10-05,143.85073852539062,146.39999389648438,147.3800048828125,143.00999450683594,144.07000732421875,79471000
2022-10-06,142.89764404296875,145.42999267578125,147.5399932861328,145.22000122070312,145.80999755859375,68402200
2022-10-07,137.65060424804688,140.08999633789062,143.10000610351562,139.4499969482422,142.5399932861328,85925600
2022-10-10,137.97486877441406,140.4199981689453,141.88999938964844,138.57000732421875,140.4199981689453,74899000
2022-10-11,136.55992126464844,138.97999572753906,141.35000610351562,138.22000122070312,139.89999389648438,77033700
2022-10-12,135.93109130859375,138.33999633789062,140.36000061035156,138.16000366210938,139.1300048828125,70433700
2022-10-13,140.50013732910156,142.99000549316406,143.58999633789062,134.3699951171875,134.99000549316406,113224000
2022-10-14,135.97042846679688,138.3800048828125,144.52000427246094,138.19000244140625,144.30999755859375,88598000
2022-10-17,139.9302215576172,142.41000366210938,142.89999389648438,140.27000427246094,141.07000732421875,85250900
2022-10-18,141.24688720703125,143.75,146.6999969482422,140.61000061035156,145.49000549316406,99136600
2022-10-19,141.35499572753906,143.86000061035156,144.9499969482422,141.5,141.69000244140625,61758300
2022-10-20,140.8931884765625,143.38999938964844,145.88999938964844,142.64999389648438,143.02000427246094,64522000
2022-10-21,144.7056121826172,147.27000427246094,147.85000610351562,142.64999389648438,142.8699951171875,86548600
2022-10-24,146.84762573242188,149.4499969482422,150.22999572753906,146.0,147.19000244140625,75981900
2022-10-25,149.6873321533203,152.33999633789062,152.49000549316406,149.36000061035156,150.08999633789062,74732300
2022-10-26,146.74937438964844,149.35000610351562,151.99000549316406,148.0399932861328,150.9600067138672,88194300
2022-10-27,142.27859497070312,144.8000030517578,149.0500030517578,144.1300048828125,148.07000732421875,109180200
2022-10-28,153.02813720703125,155.74000549316406,157.5,147.82000732421875,148.1999969482422,164762400
2022-10-31,150.6698760986328,153.33999633789062,154.24000549316406,151.9199981689453,153.16000366210938,97943200
2022-11-01,148.02674865722656,150.64999389648438,155.4499969482422,149.1300048828125,155.0800018310547,80379300
2022-11-02,142.5045928955078,145.02999877929688,152.1699981689453,145.0,148.9499969482422,93604600
2022-11-03,136.46170043945312,138.8800048828125,142.8000030517578,138.75,142.05999755859375,97918500
2022-11-04,136.1959686279297,138.3800048828125,142.6699981689453,134.3800048828125,142.08999633789062,140814800
2022-11-07,136.7274627685547,138.9199981689453,139.14999389648438,135.6699981689453,137.11000061035156,83374600
2022-11-08,137.29830932617188,139.5,141.42999267578125,137.49000549316406,140.41000366210938,89908500
2022-11-09,132.74130249023438,134.8699951171875,138.5500030517578,134.58999633789062,138.5,74917800
2022-11-10,144.5519561767578,146.8699951171875,146.8699951171875,139.5,141.24000549316406,118854000
2022-11-11,147.33729553222656,149.6999969482422,150.00999450683594,144.3699951171875,145.82000732421875,93979700
2022-11-14,145.939697265625,148.27999877929688,150.27999877929688,147.42999267578125,148.97000122070312,73374100
2022-11-15,147.6719207763672,150.0399932861328,153.58999633789062,148.55999755859375,152.22000122070312,89868300
2022-11-16,146.441650390625,148.7899932861328,149.8699951171875,147.2899932861328,149.1300048828125,64218300
2022-11-17,148.3411865234375,150.72000122070312,151.47999572753906,146.14999389648438,146.42999267578125,80389400
2022-11-18,148.9021759033203,151.2899932861328,152.6999969482422,149.97000122070312,152.30999755859375,74829600
2022-11-21,145.6739501953125,148.00999450683594,150.3699951171875,147.72000122070312,150.16000366210938,58724100
2022-11-22,147.8096923828125,150.17999267578125,150.4199981689453,146.92999267578125,148.1300048828125,51804100
2022-11-23,148.68565368652344,151.07000732421875,151.8300018310547,149.33999633789062,149.4499969482422,58301400
2022-11-25,145.7723846435547,148.11000061035156,148.8800048828125,147.1199951171875,148.30999755859375,35195900
2022-11-28,141.9437713623047,144.22000122070312,146.63999938964844,143.3800048828125,145.13999938964844,69246000
2022-11-29,138.94190979003906,141.1699981689453,144.80999755859375,140.35000610351562,144.2899932861328,83763800
2022-11-30,145.6936492919922,148.02999877929688,148.72000122070312,140.5500030517578,141.39999389648438,111380900
2022-12-01,145.96920776367188,148.30999755859375,149.1300048828125,146.61000061035156,148.2100067138672,71250400
2022-12-02,145.4771270751953,147.80999755859375,148.0,145.64999389648438,145.9600067138672,65447400
2022-12-05,144.31573486328125,146.6300048828125,150.9199981689453,145.77000427246094,147.77000427246094,68826400
2022-12-06,140.6544647216797,142.91000366210938,147.3000030517578,141.9199981689453,147.07000732421875,64727200
2022-12-07,138.71556091308594,140.94000244140625,143.3699951171875,140.0,142.19000244140625,69721100
2022-12-08,140.39852905273438,142.64999389648438,143.52000427246094,141.10000610351562,142.36000061035156,62128300
2022-12-09,139.91627502441406,142.16000366210938,145.57000732421875,140.89999389648438,142.33999633789062,76097000
2022-12-12,142.20950317382812,144.49000549316406,144.5,141.05999755859375,142.6999969482422,70462700
2022-12-13,143.17405700683594,145.47000122070312,149.97000122070312,144.24000549316406,149.5,93886200
2022-12-14,140.94973754882812,143.2100067138672,146.66000366210938,141.16000366210938,145.35000610351562,82291200
2022-12-15,134.34564208984375,136.5,141.8000030517578,136.02999877929688,141.11000061035156,98931900
2022-12-16,132.38702392578125,134.50999450683594,137.64999389648438,133.72999572753906,136.69000244140625,160156900
2022-12-19,130.28079223632812,132.3699951171875,135.1999969482422,131.32000732421875,135.11000061035156,79592600
2022-12-20,130.21189880371094,132.3000030517578,133.25,129.88999938964844,131.38999938964844,77432800
2022-12-21,133.31219482421875,135.4499969482422,136.80999755859375,132.75,132.97999572753906,85928000
2022-12-22,130.1429901123047,132.22999572753906,134.55999755859375,130.3000030517578,134.35000610351562,77852100
2022-12-23,129.77890014648438,131.86000061035156,132.4199981689453,129.63999938964844,130.9199981689453,63814900
2022-12-27,127.9777603149414,130.02999877929688,131.41000366210938,128.72000122070312,131.3800048828125,69007800
2022-12-28,124.05071258544922,126.04000091552734,131.02999877929688,125.87000274658203,129.6699981689453,85438400
2022-12-29,127.56437683105469,129.61000061035156,130.47999572753906,127.7300033569336,127.98999786376953,75703700
2022-12-30,127.8792953491211,129.92999267578125,129.9499969482422,127.43000030517578,128.41000366210938,77034200
2023-01-03,123.09603118896484,125.06999969482422,130.89999389648438,124.16999816894531,130.27999877929688,112117500
2023-01-04,124.36565399169922,126.36000061035156,128.66000366210938,125.08000183105469,126.88999938964844,89113600
2023-01-05,123.04680633544922,125.0199966430664,127.7699966430664,124.76000213623047,127.12999725341797,80962700
2023-01-06,127.57421875,129.6199951171875,130.2899932861328,124.88999938964844,126.01000213623047,87754700
2023-01-09,128.0958251953125,130.14999389648438,133.41000366210938,129.88999938964844,130.47000122070312,70790800
2023-01-10,128.66668701171875,130.72999572753906,131.25999450683594,128.1199951171875,130.25999450683594,63896200
2023-01-11,131.38314819335938,133.49000549316406,133.50999450683594,130.4600067138672,131.25,69458900
2023-01-12,131.30441284179688,133.41000366210938,134.25999450683594,131.44000244140625,133.8800048828125,71379600
2023-01-13,132.63307189941406,134.75999450683594,134.9199981689453,131.66000366210938,132.02999877929688,57809700
2023-01-17,133.79444885253906,135.94000244140625,137.2899932861328,134.1300048828125,134.8300018310547,63646600
2023-01-18,133.07598876953125,135.2100067138672,138.61000061035156,135.02999877929688,136.82000732421875,69672800
2023-01-19,133.13504028320312,135.27000427246094,136.25,133.77000427246094,134.0800018310547,58280400
2023-01-20,135.6939697265625,137.8699951171875,138.02000427246094,134.22000122070312,135.27999877929688,80223600
2023-01-23,138.8828887939453,141.11000061035156,143.32000732421875,137.89999389648438,138.1199951171875,81760300
2023-01-24,140.2804412841797,142.52999877929688,143.16000366210938,140.3000030517578,140.30999755859375,66435100
2023-01-25,139.62103271484375,141.86000061035156,142.42999267578125,138.80999755859375,140.88999938964844,65799300
2023-01-26,141.68789672851562,143.9600067138672,144.25,141.89999389648438,143.1699981689453,54105100
2023-01-27,143.62680053710938,145.92999267578125,147.22999572753906,143.0800018310547,143.16000366210938,70555800
2023-01-30,140.74305725097656,143.0,145.5500030517578,142.85000610351562,144.9600067138672,64015300
2023-01-31,142.0126495361328,144.2899932861328,144.33999633789062,142.27999877929688,142.6999969482422,65874500
2023-02-01,143.1346893310547,145.42999267578125,146.61000061035156,141.32000732421875,143.97000122070312,77663600
2023-02-02,148.4396209716797,150.82000732421875,151.17999267578125,148.1699981689453,148.89999389648438,118339000
2023-02-03,152.0615234375,154.5,157.3800048828125,147.8300018310547,148.02999877929688,154357300
2023-02-06,149.3352508544922,151.72999572753906,153.10000610351562,150.77999877929688,152.57000732421875,69858300
2023-02-07,152.20916748046875,154.64999389648438,155.22999572753906,150.63999938964844,150.63999938964844,83322600
2023-02-08,149.5222625732422,151.9199981689453,154.5800018310547,151.1699981689453,153.8800048828125,64120100
2023-02-09,148.48880004882812,150.8699951171875,154.3300018310547,150.4199981689453,153.77999877929688,56007100
2023-02-10,148.85353088378906,151.00999450683594,151.33999633789062,149.22000122070312,149.4600067138672,57450700
2023-02-13,151.6529998779297,153.85000610351562,154.25999450683594,150.9199981689453,150.9499969482422,62199000
2023-02-14,151.0122833251953,153.1999969482422,153.77000427246094,150.86000061035156,152.1199951171875,61707600
2023-02-15,153.1118927001953,155.3300018310547,155.5,152.8800048828125,153.11000061035156,65573800
2023-02-16,151.5149688720703,153.7100067138672,156.3300018310547,153.35000610351562,153.50999450683594,68167900
2023-02-17,150.37155151367188,152.5500030517578,153.0,150.85000610351562,152.35000610351562,59144100
2023-02-21,146.35963439941406,148.47999572753906,151.3000030517578,148.41000366210938,150.1999969482422,58867200
2023-02-22,146.78353881835938,148.91000366210938,149.9499969482422,147.16000366210938,148.8699951171875,51011300
2023-02-23,147.2665252685547,149.39999389648438,150.33999633789062,147.24000549316406,150.08999633789062,48394200
2023-02-24,144.6149444580078,146.7100067138672,147.19000244140625,145.72000122070312,147.11000061035156,55469600
2023-02-27,145.80767822265625,147.9199981689453,149.1699981689453,147.4499969482422,147.7100067138672,44998500
2023-02-28,145.30496215820312,147.41000366210938,149.0800018310547,146.8300018310547,147.0500030517578,50547000
2023-03-01,143.2349090576172,145.30999755859375,147.22999572753906,145.00999450683594,146.8300018310547,55479000
2023-03-02,143.82638549804688,145.91000366210938,146.7100067138672,143.89999389648438,144.3800048828125,52238100
2023-03-03,148.8732452392578,151.02999877929688,151.11000061035156,147.3300018310547,148.0399932861328,70732300
2023-03-06,151.63328552246094,153.8300018310547,156.3000030517578,153.4600067138672,153.7899932861328,87558000
2023-03-07,149.43511962890625,151.60000610351562,154.02999877929688,151.1300048828125,153.6999969482422,56182000
2023-03-08,150.6869659423828,152.8699951171875,153.47000122070312,151.8300018310547,152.80999755859375,47204800
2023-03-09,148.4395294189453,150.58999633789062,154.5399932861328,150.22999572753906,153.55999755859375,53833600
2023-03-10,146.37940979003906,148.5,150.94000244140625,147.61000061035156,150.2100067138672,68572400
2023-03-13,148.32125854492188,150.47000122070312,153.13999938964844,147.6999969482422,147.80999755859375,84457100
2023-03-14,150.41099548339844,152.58999633789062,153.39999389648438,150.10000610351562,151.27999877929688,73695900
2023-03-15,150.80526733398438,152.99000549316406,153.25,149.9199981689453,151.19000244140625,77167900
2023-03-16,153.6243896484375,155.85000610351562,156.4600067138672,151.63999938964844,152.16000366210938,76161100
2023-03-17,152.7865753173828,155.0,156.74000549316406,154.27999877929688,156.0800018310547,98944600
2023-03-20,155.15228271484375,157.39999389648438,157.82000732421875,154.14999389648438,155.07000732421875,73641400
2023-03-21,157.0054473876953,159.27999877929688,159.39999389648438,156.5399932861328,157.32000732421875,73938300
2023-03-22,155.57615661621094,157.8300018310547,162.13999938964844,157.80999755859375,159.3000030517578,75701800
2023-03-23,156.66043090820312,158.92999267578125,161.5500030517578,157.67999267578125,158.8300018310547,67622100
2023-03-24,157.96160888671875,160.25,160.33999633789062,157.85000610351562,158.86000061035156,59196500
2023-03-27,156.0196990966797,158.27999877929688,160.77000427246094,157.8699951171875,159.94000244140625,52390300
2023-03-28,155.3987579345703,157.64999389648438,158.49000549316406,155.97999572753906,157.97000122070312,45992200
2023-03-29,158.47418212890625,160.77000427246094,161.0500030517578,159.35000610351562,159.3699951171875,51305700
2023-03-30,160.04144287109375,162.36000061035156,162.47000122070312,161.27000427246094,161.52999877929688,49501700
2023-03-31,162.545166015625,164.89999389648438,165.0,161.91000366210938,162.44000244140625,68749800
2023-04-03,163.7970428466797,166.1699981689453,166.2899932861328,164.22000122070312,164.27000427246094,56976200
2023-04-04,163.2647705078125,165.6300048828125,166.83999633789062,165.11000061035156,166.60000610351562,46278300
2023-04-05,161.42147827148438,163.75999450683594,165.0500030517578,161.8000030517578,164.74000549316406,51511700
2023-04-06,162.30860900878906,164.66000366210938,164.9600067138672,162.0,162.42999267578125,45390100
2023-04-10,159.7161865234375,162.02999877929688,162.02999877929688,160.0800018310547,161.4199981689453,47716900
2023-04-11,158.5037384033203,160.8000030517578,162.36000061035156,160.50999450683594,162.35000610351562,47644200
2023-04-12,157.8137664794922,160.10000610351562,162.05999755859375,159.77999877929688,161.22000122070312,50133100
2023-04-13,163.19577026367188,165.55999755859375,165.8000030517578,161.4199981689453,161.6300048828125,68445600
2023-04-14,162.8507843017578,165.2100067138672,166.32000732421875,163.82000732421875,164.58999633789062,49386500
2023-04-17,162.8704833984375,165.22999572753906,165.38999938964844,164.02999877929688,165.08999633789062,41516200
2023-04-18,164.09278869628906,166.47000122070312,167.41000366210938,165.64999389648438,166.10000610351562,49923000
2023-04-19,165.23623657226562,167.6300048828125,168.16000366210938,165.5399932861328,165.8000030517578,47720200
2023-04-20,164.27017211914062,166.64999389648438,167.8699951171875,165.55999755859375,166.08999633789062,52456400
2023-04-21,162.6634979248047,165.02000427246094,166.4499969482422,164.49000549316406,165.0500030517578,58337300
2023-04-24,162.9690399169922,165.3300018310547,165.60000610351562,163.88999938964844,165.0,41949600
2023-04-25,161.4313507080078,163.77000427246094,166.30999755859375,163.72999572753906,165.19000244140625,48714100
2023-04-26,161.42147827148438,163.75999450683594,165.27999877929688,162.8000030517578,163.05999755859375,45498800
2023-04-27,166.0050811767578,168.41000366210938,168.55999755859375,165.19000244140625,165.19000244140625,64902300
2023-04-28,167.2569122314453,169.67999267578125,169.85000610351562,167.8800048828125,168.49000549316406,55275900
2023-05-01,167.16824340820312,169.58999633789062,170.4499969482422,168.63999938964844,169.27999877929688,52472900
2023-05-02,166.13319396972656,168.5399932861328,170.35000610351562,167.5399932861328,170.08999633789062,48425700
2023-05-03,165.05877685546875,167.4499969482422,170.9199981689453,167.16000366210938,169.5,65136000
2023-05-04,163.42247009277344,165.7899932861328,167.0399932861328,164.30999755859375,164.88999938964844,81235400
2023-05-05,171.09140014648438,173.57000732421875,174.3000030517578,170.75999450683594,170.97999572753906,113453200
2023-05-08,171.0223846435547,173.5,173.85000610351562,172.11000061035156,172.47999572753906,55962800
2023-05-09,169.3170928955078,171.77000427246094,173.5399932861328,171.60000610351562,173.0500030517578,45326900
2023-05-10,171.08154296875,173.55999755859375,174.02999877929688,171.89999389648438,173.02000427246094,53724500
2023-05-11,171.268798828125,173.75,174.58999633789062,172.1699981689453,173.85000610351562,49514700
2023-05-12,170.3409423828125,172.57000732421875,174.05999755859375,171.0,173.6199951171875,45533100
2023-05-15,169.84744262695312,172.07000732421875,173.2100067138672,171.47000122070312,173.16000366210938,37266700
2023-05-16,169.84744262695312,172.07000732421875,173.13999938964844,171.8000030517578,171.99000549316406,42110300
2023-05-17,170.45936584472656,172.69000244140625,172.92999267578125,170.4199981689453,171.7100067138672,57951600
2023-05-18,172.78890991210938,175.0500030517578,175.24000549316406,172.5800018310547,173.0,65496700
2023-05-19,172.8975067138672,175.16000366210938,176.38999938964844,174.94000244140625,176.38999938964844,55809500
2023-05-22,171.9499053955078,174.1999969482422,174.7100067138672,173.4499969482422,173.97999572753906,43570900
2023-05-23,169.34402465820312,171.55999755859375,173.3800048828125,171.27999877929688,173.1300048828125,50747300
2023-05-24,169.620361328125,171.83999633789062,172.4199981689453,170.52000427246094,171.08999633789062,45143500
2023-05-25,170.75552368164062,172.99000549316406,173.89999389648438,171.69000244140625,172.41000366210938,56058300
2023-05-26,173.1639862060547,175.42999267578125,175.77000427246094,173.11000061035156,173.32000732421875,54835000
2023-05-30,175.00987243652344,177.3000030517578,178.99000549316406,176.57000732421875,176.9600067138672,55964400
2023-05-31,174.9604949951172,177.25,179.35000610351562,176.75999450683594,177.3300018310547,99625300
2023-06-01,177.76380920410156,180.08999633789062,180.1199951171875,176.92999267578125,177.6999969482422,68901800
2023-06-02,178.61273193359375,180.9499969482422,181.77999877929688,179.25999450683594,181.02999877929688,61996900
2023-06-05,177.26039123535156,179.5800018310547,184.9499969482422,178.0399932861328,182.6300048828125,121946500
2023-06-06,176.8951873779297,179.2100067138672,180.1199951171875,177.42999267578125,179.97000122070312,64848400
2023-06-07,175.52313232421875,177.82000732421875,181.2100067138672,177.32000732421875,178.44000244140625,61944600
2023-06-08,178.23760986328125,180.57000732421875,180.83999633789062,177.4600067138672,177.89999389648438,50214900
2023-06-09,178.6226043701172,180.9600067138672,182.22999572753906,180.6300048828125,181.5,48900000
2023-06-12,181.41600036621094,183.7899932861328,183.88999938964844,180.97000122070312,181.27000427246094,54274900
2023-06-13,180.9422149658203,183.30999755859375,184.14999389648438,182.44000244140625,182.8000030517578,54929100
2023-06-14,181.573974609375,183.9499969482422,184.38999938964844,182.02000427246094,183.3699951171875,57462900
2023-06-15,183.6073455810547,186.00999450683594,186.52000427246094,183.77999877929688,183.9600067138672,65433200
2023-06-16,182.53140258789062,184.9199981689453,186.99000549316406,184.27000427246094,186.72999572753906,101256200
2023-06-20,182.62025451660156,185.00999450683594,186.10000610351562,184.41000366210938,184.41000366210938,49799100
2023-06-21,181.58384704589844,183.9600067138672,185.41000366210938,182.58999633789062,184.89999389648438,49515700
2023-06-22,184.58456420898438,187.0,187.0500030517578,183.6699981689453,183.74000549316406,51245300
2023-06-23,184.26869201660156,186.67999267578125,187.55999755859375,185.00999450683594,185.5500030517578,53117000
2023-06-26,182.87692260742188,185.27000427246094,188.0500030517578,185.22999572753906,186.8300018310547,48088700
2023-06-27,185.63084411621094,188.05999755859375,188.38999938964844,185.6699981689453,185.88999938964844,50730800
2023-06-28,186.8054962158203,189.25,189.89999389648438,187.60000610351562,187.92999267578125,51216800
2023-06-29,187.14108276367188,189.58999633789062,190.07000732421875,188.94000244140625,189.0800018310547,46347300
2023-06-30,191.4645538330078,193.97000122070312,194.47999572753906,191.25999450683594,191.6300048828125,85213200
2023-07-03,189.97402954101562,192.4600067138672,193.8800048828125,191.75999450683594,193.77999877929688,31458200
2023-07-05,188.858642578125,191.3300018310547,192.97999572753906,190.6199951171875,191.57000732421875,46920300
2023-07-06,189.33241271972656,191.80999755859375,192.02000427246094,189.1999969482422,189.83999633789062,45094300
2023-07-07,188.21702575683594,190.67999267578125,192.6699981689453,190.24000549316406,191.41000366210938,46815000
2023-07-10,186.17376708984375,188.61000061035156,189.99000549316406,187.0399932861328,189.25999450683594,59922200
2023-07-11,185.65060424804688,188.0800018310547,189.3000030517578,186.60000610351562,189.16000366210938,46638100
2023-07-12,187.3188018798828,189.77000427246094,191.6999969482422,188.47000122070312,189.67999267578125,60750200
2023-07-13,188.07882690429688,190.5399932861328,191.19000244140625,189.77999877929688,190.5,41342300
2023-07-14,188.22689819335938,190.69000244140625,191.17999267578125,189.6300048828125,190.22999572753906,41616200
2023-07-17,191.4842529296875,193.99000549316406,194.32000732421875,191.80999755859375,191.89999389648438,50520200
2023-07-18,191.2276153564453,193.72999572753906,194.3300018310547,192.4199981689453,193.35000610351562,48288200
2023-07-19,192.5799560546875,195.10000610351562,198.22999572753906,192.64999389648438,193.10000610351562,80507300
2023-07-20,190.63539123535156,193.1300048828125,196.47000122070312,192.5,195.08999633789062,59581200
2023-07-21,189.46075439453125,191.94000244140625,194.97000122070312,191.22999572753906,194.10000610351562,71951700
2023-07-24,190.26025390625,192.75,194.91000366210938,192.25,193.41000366210938,45377800
2023-07-25,191.1190643310547,193.6199951171875,194.44000244140625,192.9199981689453,193.3300018310547,37283200
2023-07-26,191.9876708984375,194.5,195.63999938964844,193.32000732421875,193.6699981689453,47471900
2023-07-27,190.7241973876953,193.22000122070312,197.1999969482422,192.5500030517578,196.02000427246094,47460200
2023-07-28,193.3004913330078,195.8300018310547,196.6300048828125,194.13999938964844,194.6699981689453,48291400
2023-07-31,193.91249084472656,196.4499969482422,196.49000549316406,195.25999450683594,196.05999755859375,38824100
2023-08-01,193.0833282470703,195.61000061035156,196.72999572753906,195.27999877929688,196.24000549316406,35175100
2023-08-02,190.0924835205078,192.5800018310547,195.17999267578125,191.85000610351562,195.0399932861328,50389300
2023-08-03,188.70069885253906,191.1699981689453,192.3699951171875,190.69000244140625,191.57000732421875,61235200
2023-08-04,179.63925170898438,181.99000549316406,187.3800048828125,181.9199981689453,185.52000427246094,115956800
2023-08-07,176.53982543945312,178.85000610351562,183.1300048828125,177.35000610351562,182.1300048828125,97576100
2023-08-08,177.4775848388672,179.8000030517578,180.27000427246094,177.5800018310547,179.69000244140625,67823000
2023-08-09,175.88832092285156,178.19000244140625,180.92999267578125,177.00999450683594,180.8699951171875,60378500
2023-08-10,175.67120361328125,177.97000122070312,180.75,177.60000610351562,179.47999572753906,54686900
2023-08-11,175.7305145263672,177.7899932861328,178.6199951171875,176.5500030517578,177.32000732421875,52036700
2023-08-14,177.3811798095703,179.4600067138672,179.69000244140625,177.30999755859375,177.97000122070312,43675600
2023-08-15,175.39443969726562,177.4499969482422,179.47999572753906,177.0500030517578,178.8800048828125,43622600
2023-08-16,174.52464294433594,176.57000732421875,178.5399932861328,176.5,177.1300048828125,46964900
2023-08-17,171.9844207763672,174.0,177.50999450683594,173.47999572753906,177.13999938964844,66062900
2023-08-18,172.46875,174.49000549316406,175.10000610351562,171.9600067138672,172.3000030517578,61172200
2023-08-21,173.80307006835938,175.83999633789062,176.1300048828125,173.74000549316406,175.07000732421875,46311900
2023-08-22,175.17698669433594,177.22999572753906,177.67999267578125,176.25,177.05999755859375,42038900
2023-08-23,179.02191162109375,181.1199951171875,181.5500030517578,178.3300018310547,178.52000427246094,52722800
2023-08-24,174.3368377685547,176.3800048828125,181.10000610351562,176.00999450683594,180.6699981689453,54945800
2023-08-25,176.54100036621094,178.61000061035156,179.14999389648438,175.82000732421875,177.3800048828125,51449600
2023-08-28,178.1027069091797,180.19000244140625,180.58999633789062,178.5500030517578,180.08999633789062,43820700
2023-08-29,181.9871826171875,184.1199951171875,184.89999389648438,179.5,179.6999969482422,53003900
2023-08-30,185.47625732421875,187.64999389648438,187.85000610351562,184.74000549316406,184.94000244140625,60813900
2023-08-31,185.69375610351562,187.8699951171875,189.1199951171875,187.47999572753906,187.83999633789062,60794500
2023-09-01,187.26528930664062,189.4600067138672,189.9199981689453,188.27999877929688,189.49000549316406,45766500
2023-09-05,187.5025177001953,189.6999969482422,189.97999572753906,187.61000061035156,188.27999877929688,45280000
2023-09-06,180.7911834716797,182.91000366210938,188.85000610351562,181.47000122070312,188.39999389648438,81755800
2023-09-07,175.503173828125,177.55999755859375,178.2100067138672,173.5399932861328,175.17999267578125,112488800
2023-09-08,176.115966796875,178.17999267578125,180.24000549316406,177.7899932861328,178.35000610351562,65551300
2023-09-11,177.28233337402344,179.36000061035156,180.3000030517578,177.33999633789062,180.07000732421875,58953100
2023-09-12,174.25778198242188,176.3000030517578,180.1300048828125,174.82000732421875,179.49000549316406,90370200
2023-09-13,172.19200134277344,174.2100067138672,177.3000030517578,173.97999572753906,176.50999450683594,84267900
2023-09-14,173.70428466796875,175.74000549316406,176.10000610351562,173.5800018310547,174.0,60895800
2023-09-15,172.98269653320312,175.00999450683594,176.5,173.82000732421875,176.47999572753906,109259500
2023-09-18,175.90843200683594,177.97000122070312,179.3800048828125,176.1699981689453,176.47999572753906,67257600
2023-09-19,176.9956512451172,179.07000732421875,179.6300048828125,177.1300048828125,177.52000427246094,51826900
2023-09-20,173.4571533203125,175.49000549316406,179.6999969482422,175.39999389648438,179.25999450683594,58436200
2023-09-21,171.91522216796875,173.92999267578125,176.3000030517578,173.86000061035156,174.5500030517578,63149100
2023-09-22,172.7652587890625,174.7899932861328,177.0800018310547,174.0500030517578,174.6699981689453,56725400
2023-09-25,174.04031372070312,176.0800018310547,176.97000122070312,174.14999389648438,174.1999969482422,46172700
2023-09-26,169.9680633544922,171.9600067138672,175.1999969482422,171.66000366210938,174.82000732421875,64588900
2023-09-27,168.4557647705078,170.42999267578125,173.0399932861328,169.0500030517578,172.6199951171875,66921800
2023-09-28,168.71275329589844,170.69000244140625,172.02999877929688,167.6199951171875,169.33999633789062,56294400
2023-09-29,169.2267303466797,171.2100067138672,173.07000732421875,170.33999633789062,172.02000427246094,51861100
2023-10-02,171.7373046875,173.75,174.3000030517578,170.92999267578125,171.22000122070312,52164500
2023-10-03,170.40293884277344,172.39999389648438,173.6300048828125,170.82000732421875,172.25999450683594,49594600
2023-10-04,171.64837646484375,173.66000366210938,174.2100067138672,170.97000122070312,171.08999633789062,53020300
2023-10-05,172.88388061523438,174.91000366210938,175.4499969482422,172.67999267578125,173.7899932861328,48527900
2023-10-06,175.43397521972656,177.49000549316406,177.99000549316406,173.17999267578125,173.8000030517578,57266700
2023-10-09,176.91659545898438,178.99000549316406,179.0500030517578,175.8000030517578,176.80999755859375,42390800
2023-10-10,176.3235626220703,178.38999938964844,179.72000122070312,177.9499969482422,178.10000610351562,43698000
2023-10-11,177.7172393798828,179.8000030517578,179.85000610351562,177.60000610351562,178.1999969482422,47551100
2023-10-12,178.61666870117188,180.7100067138672,182.33999633789062,179.0399932861328,180.07000732421875,56743100
2023-10-13,176.77825927734375,178.85000610351562,181.92999267578125,178.13999938964844,181.4199981689453,51427100
2023-10-16,176.6497039794922,178.72000122070312,179.0800018310547,176.50999450683594,176.75,52517000
2023-10-17,175.097900390625,177.14999389648438,178.4199981689453,174.8000030517578,176.64999389648438,57549400
2023-10-18,173.80307006835938,175.83999633789062,177.5800018310547,175.11000061035156,175.5800018310547,54764400
2023-10-19,173.42750549316406,175.4600067138672,177.83999633789062,175.19000244140625,176.0399932861328,59302900
2023-10-20,170.8773651123047,172.8800048828125,175.4199981689453,172.63999938964844,175.30999755859375,64244000
2023-10-23,170.99600219726562,173.0,174.00999450683594,169.92999267578125,170.91000366210938,55980100
2023-10-24,171.43087768554688,173.44000244140625,173.6699981689453,171.4499969482422,173.0500030517578,43816600
2023-10-25,169.11802673339844,171.10000610351562,173.05999755859375,170.64999389648438,171.8800048828125,57157000
2023-10-26,164.95677185058594,166.88999938964844,171.3800048828125,165.6699981689453,170.3699951171875,70625300
2023-10-27,166.27134704589844,168.22000122070312,168.9600067138672,166.8300018310547,166.91000366210938,58499100
2023-10-30,168.31735229492188,170.2899932861328,171.1699981689453,168.8699951171875,169.02000427246094,51131000
2023-10-31,168.79183959960938,170.77000427246094,170.89999389648438,167.89999389648438,169.35000610351562,44846000
2023-11-01,171.9547576904297,173.97000122070312,174.22999572753906,170.1199951171875,171.0,56934900
2023-11-02,175.5130615234375,177.57000732421875,177.77999877929688,175.4600067138672,175.52000427246094,77334800
2023-11-03,174.6037139892578,176.64999389648438,176.82000732421875,173.35000610351562,174.24000549316406,79829200
2023-11-06,177.15380859375,179.22999572753906,179.42999267578125,176.2100067138672,176.3800048828125,63841300
2023-11-07,179.7138214111328,181.82000732421875,182.44000244140625,178.97000122070312,179.17999267578125,70530000
2023-11-08,180.7714385986328,182.88999938964844,183.4499969482422,181.58999633789062,182.35000610351562,49340300
2023-11-09,180.2969970703125,182.41000366210938,184.1199951171875,181.80999755859375,182.9600067138672,53763500
2023-11-10,184.48350524902344,186.39999389648438,186.57000732421875,183.52999877929688,183.97000122070312,66133400
2023-11-13,182.89993286132812,184.8000030517578,186.02999877929688,184.2100067138672,185.82000732421875,43627500
2023-11-14,185.51280212402344,187.44000244140625,188.11000061035156,186.3000030517578,187.6999969482422,60108400
2023-11-15,186.07693481445312,188.00999450683594,189.5,187.77999877929688,187.85000610351562,53790500
2023-11-16,187.75946044921875,189.7100067138672,190.9600067138672,188.64999389648438,189.57000732421875,54412900
2023-11-17,187.7396697998047,189.69000244140625,190.3800048828125,188.57000732421875,190.25,50922700
2023-11-20,189.4815673828125,191.4499969482422,191.91000366210938,189.8800048828125,189.88999938964844,46505100
2023-11-21,188.67991638183594,190.63999938964844,191.52000427246094,189.74000549316406,191.41000366210938,38134500
2023-11-22,189.34300231933594,191.30999755859375,192.92999267578125,190.8300018310547,191.49000549316406,39617700
2023-11-24,188.01678466796875,189.97000122070312,190.89999389648438,189.25,190.8699951171875,24048300
2023-11-27,187.838623046875,189.7899932861328,190.6699981689453,188.89999389648438,189.9199981689453,40552600
2023-11-28,188.44235229492188,190.39999389648438,191.0800018310547,189.39999389648438,189.77999877929688,38415400
2023-11-29,187.42294311523438,189.3699951171875,192.08999633789062,188.97000122070312,190.89999389648438,43014200
2023-11-30,187.99700927734375,189.9499969482422,190.32000732421875,188.19000244140625,189.83999633789062,48794400
2023-12-01,189.27374267578125,191.24000549316406,191.55999755859375,189.22999572753906,190.3300018310547,45704800
2023-12-04,187.4823455810547,189.42999267578125,190.0500030517578,187.4499969482422,189.97999572753906,43389500
2023-12-05,191.4313201904297,193.4199981689453,194.39999389648438,190.17999267578125,190.2100067138672,66628400
2023-12-06,190.34263610839844,192.32000732421875,194.75999450683594,192.11000061035156,194.4499969482422,41089700
2023-12-07,192.2725830078125,194.27000427246094,195.0,193.58999633789062,193.6300048828125,47477700
2023-12-08,193.69778442382812,195.7100067138672,195.99000549316406,193.6699981689453,194.1999969482422,53406400
2023-12-11,191.1938018798828,193.17999267578125,193.49000549316406,191.4199981689453,193.11000061035156,60943700
2023-12-12,192.70803833007812,194.7100067138672,194.72000122070312,191.72000122070312,193.0800018310547,52696900
2023-12-13,195.92466735839844,197.9600067138672,198.0,194.85000610351562,195.08999633789062,70404200
2023-12-14,196.07310485839844,198.11000061035156,199.6199951171875,196.16000366210938,198.02000427246094,66831600
2023-12-15,195.5386505126953,197.57000732421875,198.39999389648438,197.0,197.52999877929688,128538400
2023-12-18,193.87591552734375,195.88999938964844,196.6300048828125,194.38999938964844,196.08999633789062,55751900
2023-12-19,194.91513061523438,196.94000244140625,196.9499969482422,195.88999938964844,196.16000366210938,40714100
2023-12-20,192.82681274414062,194.8300018310547,197.67999267578125,194.8300018310547,196.89999389648438,52242800
2023-12-21,192.6783447265625,194.67999267578125,197.0800018310547,193.5,196.10000610351562,46482500
2023-12-22,191.6094512939453,193.60000610351562,195.41000366210938,192.97000122070312,195.17999267578125,37149600
2023-12-26,191.0651397705078,193.0500030517578,193.88999938964844,192.8300018310547,193.61000061035156,28919300
2023-12-27,191.16409301757812,193.14999389648438,193.5,191.08999633789062,192.49000549316406,48087700
2023-12-28,191.5896759033203,193.5800018310547,194.66000366210938,193.1699981689453,194.13999938964844,34049900
2023-12-29,190.5504608154297,192.52999877929688,194.39999389648438,191.72999572753906,193.89999389648438,42672100
2024-01-02,183.7313232421875,185.63999938964844,188.44000244140625,183.88999938964844,187.14999389648438,82488700
2024-01-03,182.35560607910156,184.25,185.8800048828125,183.42999267578125,184.22000122070312,58414500
2024-01-04,180.03964233398438,181.91000366210938,183.08999633789062,180.8800048828125,182.14999389648438,71983600
2024-01-05,179.31716918945312,181.17999267578125,182.75999450683594,180.1699981689453,181.99000549316406,62379700
2024-01-08,183.65213012695312,185.55999755859375,185.60000610351562,181.5,182.08999633789062,59144500
2024-01-09,183.2364501953125,185.13999938964844,185.14999389648438,182.72999572753906,183.9199981689453,42841800
2024-01-10,184.27566528320312,186.19000244140625,186.39999389648438,183.9199981689453,184.35000610351562,46792900
2024-01-11,183.6818084716797,185.58999633789062,187.0500030517578,183.6199951171875,186.5399932861328,49128400
2024-01-12,184.00840759277344,185.9199981689453,186.74000549316406,185.19000244140625,186.05999755859375,40477800
2024-01-16,181.74197387695312,183.6300048828125,184.25999450683594,180.92999267578125,182.16000366210938,65603000
2024-01-17,180.80174255371094,182.67999267578125,182.92999267578125,180.3000030517578,181.27000427246094,47317400
2024-01-18,186.69056701660156,188.6300048828125,189.13999938964844,185.8300018310547,186.08999633789062,78005800
2024-01-19,189.5904541015625,191.55999755859375,191.9499969482422,188.82000732421875,189.3300018310547,68903000
2024-01-22,191.89649963378906,193.88999938964844,195.3300018310547,192.25999450683594,192.3000030517578,60133900
2024-01-23,193.1732177734375,195.17999267578125,195.75,193.8300018310547,195.02000427246094,42355600
2024-01-24,192.5001983642578,194.5,196.3800048828125,194.33999633789062,195.4199981689453,53631300
2024-01-25,192.17359924316406,194.1699981689453,196.27000427246094,193.11000061035156,195.22000122070312,54822100
2024-01-26,190.44158935546875,192.4199981689453,194.75999450683594,191.94000244140625,194.27000427246094,44594000
2024-01-29,189.75869750976562,191.72999572753906,192.1999969482422,189.5800018310547,192.00999450683594,47145600
2024-01-30,186.1066436767578,188.0399932861328,191.8000030517578,187.47000122070312,190.94000244140625,55859400
2024-01-31,182.50405883789062,184.39999389648438,187.10000610351562,184.35000610351562,187.0399932861328,55467800
2024-02-01,184.93878173828125,186.86000061035156,186.9499969482422,183.82000732421875,183.99000549316406,64885400
2024-02-02,183.93914794921875,185.85000610351562,187.3300018310547,179.25,179.86000061035156,102551700
2024-02-05,185.75035095214844,187.67999267578125,189.25,185.83999633789062,188.14999389648438,69668800
2024-02-06,187.3536834716797,189.3000030517578,189.30999755859375,186.77000427246094,186.86000061035156,43490800
2024-02-07,187.46253967285156,189.41000366210938,191.0500030517578,188.61000061035156,190.63999938964844,53439000
2024-02-08,186.38377380371094,188.32000732421875,189.5399932861328,187.35000610351562,189.38999938964844,40962000
2024-02-09,187.14682006835938,188.85000610351562,189.99000549316406,188.0,188.64999389648438,45155200
2024-02-12,185.46214294433594,187.14999389648438,188.6699981689453,186.7899932861328,188.4199981689453,41781900
2024-02-13,183.37115478515625,185.0399932861328,186.2100067138672,183.50999450683594,185.77000427246094,56529500
2024-02-14,182.48919677734375,184.14999389648438,185.52999877929688,182.44000244140625,185.32000732421875,54630500
2024-02-15,182.20179748535156,183.86000061035156,184.49000549316406,181.35000610351562,183.5500030517578,65434500
2024-02-16,180.66578674316406,182.30999755859375,184.85000610351562,181.6699981689453,183.4199981689453,49752500
2024-02-20,179.92254638671875,181.55999755859375,182.42999267578125,180.0,181.7899932861328,53665600
2024-02-21,180.6757049560547,182.32000732421875,182.88999938964844,180.66000366210938,181.94000244140625,41371400
2024-02-22,182.70721435546875,184.3699951171875,184.9600067138672,182.4600067138672,183.47999572753906,52292200
2024-02-23,180.8739013671875,182.52000427246094,185.0399932861328,182.22999572753906,185.00999450683594,45119700
2024-02-26,179.52615356445312,181.16000366210938,182.75999450683594,180.64999389648438,182.24000549316406,40867400
2024-02-27,180.98289489746094,182.6300048828125,183.9199981689453,179.55999755859375,181.10000610351562,54318900
2024-02-28,179.7838134765625,181.4199981689453,183.1199951171875,180.1300048828125,182.50999450683594,48953900
2024-02-29,179.11985778808594,180.75,182.57000732421875,179.52999877929688,181.27000427246094,136682600
2024-03-01,178.0396728515625,179.66000366210938,180.52999877929688,177.3800048828125,179.5500030517578,73563100
2024-03-04,173.5208282470703,175.10000610351562,176.89999389648438,173.7899932861328,176.14999389648438,81510100
2024-03-05,168.58570861816406,170.1199951171875,172.0399932861328,169.6199951171875,170.75999450683594,95132400
2024-03-06,167.59474182128906,169.1199951171875,171.24000549316406,168.67999267578125,171.05999755859375,68587700
2024-03-07,167.47581481933594,169.0,170.72999572753906,168.49000549316406,169.14999389648438,71765100
2024-03-08,169.19021606445312,170.72999572753906,173.6999969482422,168.94000244140625,169.0,76267000
2024-03-11,171.19198608398438,172.75,174.3800048828125,172.0500030517578,172.94000244140625,60139500
2024-03-12,171.66766357421875,173.22999572753906,174.02999877929688,171.00999450683594,173.14999389648438,59825400
2024-03-13,169.58663940429688,171.1300048828125,173.19000244140625,170.75999450683594,172.77000427246094,52488700
2024-03-14,171.4397430419922,173.0,174.30999755859375,172.0500030517578,172.91000366210938,72913500
2024-03-15,171.0631866455078,172.6199951171875,172.6199951171875,170.2899932861328,171.1699981689453,121752700
2024-03-18,172.1532745361328,173.72000122070312,177.7100067138672,173.52000427246094,175.57000732421875,75604200
2024-03-19,174.4919891357422,176.0800018310547,176.61000061035156,173.02999877929688,174.33999633789062,55215200
2024-03-20,177.0586395263672,178.6699981689453,178.6699981689453,175.08999633789062,175.72000122070312,53423100
2024-03-21,169.82444763183594,171.3699951171875,177.49000549316406,170.83999633789062,177.0500030517578,106181300
2024-03-22,170.7262420654297,172.27999877929688,173.0500030517578,170.05999755859375,171.75999450683594,71160100
2024-03-25,169.3091583251953,170.85000610351562,171.94000244140625,169.4499969482422,170.57000732421875,54288300
2024-03-26,168.17942810058594,169.7100067138672,171.4199981689453,169.5800018310547,170.0,57388400
2024-03-27,171.74697875976562,173.30999755859375,173.60000610351562,170.11000061035156,170.41000366210938,60273300
2024-03-28,169.93344116210938,171.47999572753906,172.22999572753906,170.50999450683594,171.75,65672700
2024-04-01,168.4965362548828,170.02999877929688,171.25,169.47999572753906,171.19000244140625,46240500
2024-04-02,167.3172607421875,168.83999633789062,169.33999633789062,168.22999572753906,169.0800018310547,49329500
2024-04-03,168.11997985839844,169.64999389648438,170.67999267578125,168.5800018310547,168.7899932861328,47691700
2024-04-04,167.29745483398438,168.82000732421875,171.9199981689453,168.82000732421875,170.2899932861328,53704400
2024-04-05,168.05059814453125,169.5800018310547,170.38999938964844,168.9499969482422,169.58999633789062,42104800
2024-04-08,166.93080139160156,168.4499969482422,169.1999969482422,168.24000549316406,169.02999877929688,37425500
2024-04-09,168.13980102539062,169.6699981689453,170.0800018310547,168.35000610351562,168.6999969482422,42373800
2024-04-10,166.26683044433594,167.77999877929688,169.08999633789062,167.11000061035156,168.8000030517578,49709300
2024-04-11,173.46133422851562,175.0399932861328,175.4600067138672,168.16000366210938,168.33999633789062,91070300
2024-04-12,174.95773315429688,176.5500030517578,178.36000061035156,174.2100067138672,174.25999450683594,101670900
2024-04-15,171.13255310058594,172.69000244140625,176.6300048828125,172.5,175.36000061035156,73531800
2024-04-16,167.85240173339844,169.3800048828125,173.75999450683594,168.27000427246094,171.75,73711200
2024-04-17,166.48483276367188,168.0,170.64999389648438,168.0,169.61000061035156,50901200
2024-04-18,165.53347778320312,167.0399932861328,168.63999938964844,166.5500030517578,168.02999877929688,43122900
2024-04-19,163.5118865966797,165.0,166.39999389648438,164.0800018310547,166.2100067138672,68149400
2024-04-22,164.34432983398438,165.83999633789062,167.25999450683594,164.77000427246094,165.52000427246094,48116400
2024-04-23,165.39476013183594,166.89999389648438,167.0500030517578,164.9199981689453,165.35000610351562,49537800
2024-04-24,167.4956512451172,169.02000427246094,169.3000030517578,166.2100067138672,166.5399932861328,48251800
2024-04-25,168.35781860351562,169.88999938964844,170.61000061035156,168.14999389648438,169.52999877929688,50558300
2024-04-26,167.7731170654297,169.3000030517578,171.33999633789062,169.17999267578125,169.8800048828125,44838400
2024-04-29,171.93524169921875,173.5,176.02999877929688,173.10000610351562,173.3699951171875,68169400
2024-04-30,168.7938232421875,170.3300018310547,174.99000549316406,170.0,173.3300018310547,65934800
2024-05-01,167.7731170654297,169.3000030517578,172.7100067138672,169.11000061035156,169.5800018310547,50383100
2024-05-02,171.46951293945312,173.02999877929688,173.4199981689453,170.88999938964844,172.50999450683594,94214900
2024-05-03,181.72613525390625,183.3800048828125,187.0,182.66000366210938,186.64999389648438,163224100
2024-05-06,180.0712127685547,181.7100067138672,184.1999969482422,180.4199981689453,182.35000610351562,78569700
2024-05-07,180.75498962402344,182.39999389648438,184.89999389648438,181.32000732421875,183.4499969482422,77305800
2024-05-08,181.09188842773438,182.74000549316406,183.07000732421875,181.4499969482422,182.85000610351562,45057100
2024-05-09,182.9054412841797,184.57000732421875,184.66000366210938,182.11000061035156,182.55999755859375,48983000
2024-05-10,181.6451416015625,183.0500030517578,185.08999633789062,182.1300048828125,184.89999389648438,50759500
2024-05-13,184.850341796875,186.27999877929688,187.10000610351562,184.6199951171875,185.44000244140625,72044800
2024-05-14,185.9915313720703,187.42999267578125,188.3000030517578,186.2899932861328,187.50999450683594,52393600
2024-05-15,188.2639923095703,189.72000122070312,190.64999389648438,187.3699951171875,187.91000366210938,70400000
2024-05-16,188.38304138183594,189.83999633789062,191.10000610351562,189.66000366210938,190.47000122070312,52845200
2024-05-17,188.41281127929688,189.8699951171875,190.80999755859375,189.17999267578125,189.50999450683594,41282900
2024-05-20,189.57383728027344,191.0399932861328,191.9199981689453,189.00999450683594,189.3300018310547,44361300
2024-05-21,190.873779296875,192.35000610351562,192.72999572753906,190.9199981689453,191.08999633789062,42309400
2024-05-22,189.4348907470703,190.89999389648438,192.82000732421875,190.27000427246094,192.27000427246094,34648500
2024-05-23,185.44578552246094,186.8800048828125,191.0,186.6300048828125,190.97999572753906,51005900
2024-05-24,188.52194213867188,189.97999572753906,190.5800018310547,188.0399932861328,188.82000732421875,36327000
2024-05-28,188.5319061279297,189.99000549316406,193.0,189.10000610351562,191.50999450683594,52280100
2024-05-29,188.82958984375,190.2899932861328,192.25,189.50999450683594,189.61000061035156,53068000
2024-05-30,189.82191467285156,191.2899932861328,192.17999267578125,190.6300048828125,190.75999450683594,49889100
2024-05-31,190.77455139160156,192.25,192.57000732421875,189.91000366210938,191.44000244140625,75158300
2024-06-03,192.5408935546875,194.02999877929688,194.99000549316406,192.52000427246094,192.89999389648438,50080500
2024-06-04,192.85841369628906,194.35000610351562,195.32000732421875,193.02999877929688,194.63999938964844,47471400
2024-06-05,194.3667755126953,195.8699951171875,196.89999389648438,194.8699951171875,195.39999389648438,54156800
2024-06-06,192.98741149902344,194.47999572753906,196.5,194.1699981689453,195.69000244140625,41181800
2024-06-07,195.37893676757812,196.88999938964844,196.94000244140625,194.13999938964844,194.64999389648438,53103900
2024-06-10,191.63784790039062,193.1199951171875,197.3000030517578,192.14999389648438,196.89999389648438,97010200
2024-06-11,205.56019592285156,207.14999389648438,207.16000366210938,193.6300048828125,193.64999389648438,172373300
2024-06-12,211.4347686767578,213.07000732421875,220.1999969482422,206.89999389648438,207.3699951171875,198134300
2024-06-13,212.59579467773438,214.24000549316406,216.75,211.60000610351562,214.74000549316406,97862700
2024-06-14,210.85922241210938,212.49000549316406,215.1699981689453,211.3000030517578,213.85000610351562,70122700
2024-06-17,215.00714111328125,216.6699981689453,218.9499969482422,212.72000122070312,213.3699951171875,93728300
2024-06-18,212.64540100097656,214.2899932861328,218.6300048828125,213.0,217.58999633789062,79943300
2024-06-20,208.07077026367188,209.67999267578125,214.24000549316406,208.85000610351562,213.92999267578125,86172500
2024-06-21,205.89761352539062,207.49000549316406,211.88999938964844,207.11000061035156,210.38999938964844,241805100
2024-06-24,206.54258728027344,208.13999938964844,212.6999969482422,206.58999633789062,207.72000122070312,80727000
2024-06-25,207.4654541015625,209.07000732421875,211.3800048828125,208.61000061035156,209.14999389648438,55549700
2024-06-26,211.61338806152344,213.25,214.86000061035156,210.63999938964844,211.5,66213200
2024-06-27,212.4568634033203,214.10000610351562,215.74000549316406,212.35000610351562,214.69000244140625,49772700
2024-06-28,209.0035400390625,210.6199951171875,216.07000732421875,210.3000030517578,215.77000427246094,82542700
2024-07-01,215.08651733398438,216.75,217.50999450683594,211.9199981689453,212.08999633789062,60402900
2024-07-02,218.57948303222656,220.27000427246094,220.3800048828125,215.10000610351562,216.14999389648438,58046200
2024-07-03,219.8496856689453,221.5500030517578,221.5500030517578,219.02999877929688,220.0,37369800
2024-07-05,224.6029052734375,226.33999633789062,226.4499969482422,221.64999389648438,221.64999389648438,60412400
2024-07-08,226.07156372070312,227.82000732421875,227.85000610351562,223.25,227.08999633789062,59085900
2024-07-09,226.92495727539062,228.67999267578125,229.39999389648438,226.3699951171875,227.92999267578125,48076100
2024-07-10,231.1919403076172,232.97999572753906,233.0800018310547,229.25,229.3000030517578,62627700
2024-07-11,225.823486328125,227.57000732421875,232.38999938964844,225.77000427246094,231.38999938964844,64710600
2024-07-12,228.77069091796875,230.5399932861328,232.63999938964844,228.67999267578125,228.9199981689453,53046500
2024-07-15,232.60105895996094,234.39999389648438,237.22999572753906,233.08999633789062,236.47999572753906,62631300
2024-07-16,233.01783752441406,234.82000732421875,236.27000427246094,232.3300018310547,235.0,43234300
2024-07-17,227.1234130859375,228.8800048828125,231.4600067138672,226.63999938964844,229.4499969482422,57345900
2024-07-18,222.4595184326172,224.17999267578125,230.44000244140625,222.27000427246094,230.27999877929688,66034600
2024-07-19,222.5885009765625,224.30999755859375,226.8000030517578,223.27999877929688,224.82000732421875,49151500
2024-07-22,222.24118041992188,223.9600067138672,227.77999877929688,223.08999633789062,227.00999450683594,48201800
2024-07-23,223.2831268310547,225.00999450683594,226.94000244140625,222.67999267578125,224.3699951171875,39960300
2024-07-24,216.86277770996094,218.5399932861328,224.8000030517578,217.1300048828125,224.0,61777600
2024-07-25,215.8208465576172,217.49000549316406,220.85000610351562,214.6199951171875,218.92999267578125,51391200
2024-07-26,216.28724670410156,217.9600067138672,219.49000549316406,216.00999450683594,218.6999969482422,41601300
2024-07-29,216.56509399414062,218.24000549316406,219.3000030517578,215.75,216.9600067138672,36311800
2024-07-30,217.1207733154297,218.8000030517578,220.3300018310547,216.1199951171875,219.19000244140625,41643800
2024-07-31,220.37564086914062,222.0800018310547,223.82000732421875,220.6300048828125,221.44000244140625,50036300
2024-08-01,216.68417358398438,218.36000061035156,224.47999572753906,217.02000427246094,224.3699951171875,62501000
2024-08-02,218.1726531982422,219.86000061035156,225.60000610351562,217.7100067138672,219.14999389648438,105568600
2024-08-05,207.6639404296875,209.27000427246094,213.5,196.0,199.08999633789062,119548600
2024-08-06,205.63958740234375,207.22999572753906,209.99000549316406,201.07000732421875,205.3000030517578,69660500
2024-08-07,208.20973205566406,209.82000732421875,213.63999938964844,206.38999938964844,206.89999389648438,63516400
2024-08-08,211.6729278564453,213.30999755859375,214.1999969482422,208.8300018310547,213.11000061035156,47161100
2024-08-09,214.58045959472656,216.24000549316406,216.77999877929688,211.97000122070312,212.10000610351562,42201600
2024-08-12,216.1103973388672,217.52999877929688,219.50999450683594,215.60000610351562,216.07000732421875,38028100
2024-08-13,219.8259735107422,221.27000427246094,221.88999938964844,219.00999450683594,219.00999450683594,44155300
2024-08-14,220.27304077148438,221.72000122070312,223.02999877929688,219.6999969482422,220.57000732421875,41960600
2024-08-15,223.2534637451172,224.72000122070312,225.35000610351562,222.75999450683594,224.60000610351562,46414000
2024-08-16,224.57479858398438,226.0500030517578,226.8300018310547,223.64999389648438,223.9199981689453,44340200
2024-08-19,224.41583251953125,225.88999938964844,225.99000549316406,223.0399932861328,225.72000122070312,40687800
2024-08-20,225.03175354003906,226.50999450683594,227.1699981689453,225.4499969482422,225.77000427246094,30299000
2024-08-21,224.92250061035156,226.39999389648438,227.97999572753906,225.0500030517578,226.52000427246094,34765500
2024-08-22,223.06471252441406,224.52999877929688,228.33999633789062,223.89999389648438,227.7899932861328,43695300
2024-08-23,225.35963439941406,226.83999633789062,228.22000122070312,224.3300018310547,225.66000366210938,38677300
2024-08-26,225.69740295410156,227.17999267578125,227.27999877929688,223.88999938964844,226.75999450683594,30602200
2024-08-27,226.54183959960938,228.02999877929688,228.85000610351562,224.88999938964844,226.0,35934600
2024-08-28,225.01193237304688,226.49000549316406,229.86000061035156,225.67999267578125,227.9199981689453,38052200
2024-08-29,228.29037475585938,229.7899932861328,232.9199981689453,228.8800048828125,230.10000610351562,51906300
2024-08-30,227.50555419921875,229.0,230.39999389648438,227.47999572753906,230.19000244140625,52990800
2024-09-03,221.31619262695312,222.77000427246094,229.0,221.1699981689453,228.5500030517578,50190600
2024-09-04,219.40872192382812,220.85000610351562,221.77999877929688,217.47999572753906,221.66000366210938,43840200
2024-09-05,220.92872619628906,222.3800048828125,225.47999572753906,221.52000427246094,221.6300048828125,36615400
2024-09-06,219.37892150878906,220.82000732421875,225.24000549316406,219.77000427246094,223.9499969482422,48423000
2024-09-09,219.4683380126953,220.91000366210938,221.27000427246094,216.7100067138672,220.82000732421875,67180000
2024-09-10,218.6735382080078,220.11000061035156,221.47999572753906,216.72999572753906,218.9199981689453,51591000
2024-09-11,221.20692443847656,222.66000366210938,223.08999633789062,217.88999938964844,221.4600067138672,44587100
2024-09-12,221.31619262695312,222.77000427246094,223.5500030517578,219.82000732421875,222.5,37455600
2024-09-13,221.04795837402344,222.5,224.0399932861328,221.91000366210938,223.5800018310547,36766600
2024-09-16,214.90829467773438,216.32000732421875,217.22000122070312,213.9199981689453,216.5399932861328,59357400
2024-09-17,215.37521362304688,216.7899932861328,216.89999389648438,214.5,215.75,45519300
2024-09-18,219.249755859375,220.69000244140625,222.7100067138672,217.5399932861328,217.5500030517578,59894900
2024-09-19,227.3763885498047,228.8699951171875,229.82000732421875,224.6300048828125,224.99000549316406,66781300
2024-09-20,226.7107391357422,228.1999969482422,233.08999633789062,227.6199951171875,229.97000122070312,318679900
2024-09-23,224.99205017089844,226.47000122070312,229.4499969482422,225.80999755859375,227.33999633789062,54146000
2024-09-24,225.8861846923828,227.3699951171875,229.35000610351562,225.72999572753906,228.64999389648438,43556100
2024-09-25,224.89268493652344,226.3699951171875,227.2899932861328,224.02000427246094,224.92999267578125,42308700
2024-09-26,226.0352020263672,227.52000427246094,228.5,225.41000366210938,227.3000030517578,36636700
2024-09-27,226.30343627929688,227.7899932861328,229.52000427246094,227.3000030517578,228.4600067138672,34026000
2024-09-30,231.47946166992188,233.0,233.0,229.64999389648438,230.0399932861328,54541900
2024-10-01,224.73377990722656,226.2100067138672,229.64999389648438,223.74000549316406,229.52000427246094,63285000
2024-10-02,225.30001831054688,226.77999877929688,227.3699951171875,223.02000427246094,225.88999938964844,32880600
2024-10-03,224.197265625,225.6699981689453,226.80999755859375,223.32000732421875,225.13999938964844,34044200
2024-10-04,225.3199005126953,226.8000030517578,228.0,224.1300048828125,227.89999389648438,37245100
2024-10-07,220.24322509765625,221.69000244140625,225.69000244140625,221.3300018310547,224.5,39505400
2024-10-08,224.29661560058594,225.77000427246094,225.97999572753906,223.25,224.3000030517578,31855700
2024-10-09,228.0419921875,229.5399932861328,229.75,224.8300018310547,225.22999572753906,33591100
2024-10-10,227.54527282714844,229.0399932861328,229.5,227.1699981689453,227.77999877929688,28183500
2024-10-11,226.06500244140625,227.5500030517578,229.41000366210938,227.33999633789062,229.3000030517578,31759200
2024-10-14,229.79054260253906,231.3000030517578,231.72999572753906,228.60000610351562,228.6999969482422,39882100
2024-10-15,232.3238983154297,233.85000610351562,237.49000549316406,232.3699951171875,233.61000061035156,64751400
2024-10-16,230.2673797607422,231.77999877929688,232.1199951171875,229.83999633789062,231.60000610351562,34082200
2024-10-17,230.63497924804688,232.14999389648438,233.85000610351562,230.52000427246094,233.42999267578125,32993800
2024-10-18,233.46636962890625,235.0,236.17999267578125,234.00999450683594,236.17999267578125,46431500
2024-10-21,234.93670654296875,236.47999572753906,236.85000610351562,234.4499969482422,234.4499969482422,36254500
2024-10-22,234.32078552246094,235.86000061035156,236.22000122070312,232.60000610351562,233.88999938964844,38846600
2024-10-23,229.25405883789062,230.75999450683594,235.13999938964844,227.75999450683594,234.0800018310547,52287000
2024-10-24,229.0653076171875,230.57000732421875,230.82000732421875,228.41000366210938,229.97999572753906,31109500
2024-10-25,229.89981079101562,231.41000366210938,233.22000122070312,229.57000732421875,229.74000549316406,38802300
2024-10-28,231.87681579589844,233.39999389648438,234.72999572753906,232.5500030517578,233.32000732421875,36087100
2024-10-29,232.1450653076172,233.6699981689453,234.3300018310547,232.32000732421875,233.10000610351562,35417200
2024-10-30,228.59835815429688,230.10000610351562,233.47000122070312,229.5500030517578,232.61000061035156,47070900
2024-10-31,224.4357147216797,225.91000366210938,229.8300018310547,225.3699951171875,229.33999633789062,64370100
2024-11-01,221.4552764892578,222.91000366210938,225.35000610351562,220.27000427246094,220.97000122070312,65276700
2024-11-04,220.5611572265625,222.00999450683594,222.7899932861328,219.7100067138672,220.99000549316406,44944500
2024-11-05,221.99172973632812,223.4499969482422,223.9499969482422,221.13999938964844,221.8000030517578,28111300
2024-11-06,221.26651000976562,222.72000122070312,226.07000732421875,221.19000244140625,222.61000061035156,54561100
2024-11-07,225.99545288085938,227.47999572753906,227.8800048828125,224.57000732421875,224.6300048828125,42137700
2024-11-08,225.72694396972656,226.9600067138672,228.66000366210938,226.41000366210938,227.1699981689453,38328800
2024-11-11,223.01174926757812,224.22999572753906,225.6999969482422,221.5,225.0,42005600
2024-11-12,223.01174926757812,224.22999572753906,225.58999633789062,223.36000061035156,224.5500030517578,40398300
2024-11-13,223.89691162109375,225.1199951171875,226.64999389648438,222.75999450683594,224.00999450683594,48566200
2024-11-14,226.98008728027344,228.22000122070312,228.8699951171875,225.0,225.02000427246094,44923900
2024-11-15,223.777587890625,225.0,226.9199981689453,224.27000427246094,226.39999389648438,47923700
2024-11-18,226.7811737060547,228.02000427246094,229.74000549316406,225.1699981689453,225.25,44633700
2024-11-19,227.0397491455078,228.27999877929688,230.16000366210938,226.66000366210938,226.97999572753906,36211800
2024-11-20,227.75584411621094,229.0,229.92999267578125,225.88999938964844,228.05999755859375,35169600
2024-11-21,227.2784423828125,228.52000427246094,230.16000366210938,225.7100067138672,228.8800048828125,42108300
2024-11-22,228.62112426757812,229.8699951171875,230.72000122070312,228.05999755859375,228.05999755859375,38168300
2024-11-25,231.6048126220703,232.8699951171875,233.25,229.74000549316406,231.4600067138672,90152800
2024-11-26,233.7829132080078,235.05999755859375,235.57000732421875,233.3300018310547,233.3300018310547,45986200
2024-11-27,233.65362548828125,234.92999267578125,235.69000244140625,233.80999755859375,234.47000122070312,33498400
2024-11-29,236.04058837890625,237.3300018310547,237.80999755859375,233.97000122070312,234.80999755859375,28481400
2024-12-02,238.28831481933594,239.58999633789062,240.7899932861328,237.16000366210938,237.27000427246094,48137100
2024-12-03,241.3316650390625,242.64999389648438,242.75999450683594,238.89999389648438,239.80999755859375,38861000
2024-12-04,241.689697265625,243.00999450683594,244.11000061035156,241.25,242.8699951171875,44383900
2024-12-05,241.7195587158203,243.0399932861328,244.5399932861328,242.1300048828125,243.99000549316406,40033900
2024-12-06,241.52064514160156,242.83999633789062,244.6300048828125,242.0800018310547,242.91000366210938,36870600
2024-12-09,245.40939331054688,246.75,247.24000549316406,241.75,241.8300018310547,44649200
2024-12-10,246.42385864257812,247.77000427246094,248.2100067138672,245.33999633789062,246.88999938964844,36914800
2024-12-11,245.1508026123047,246.49000549316406,250.8000030517578,246.25999450683594,247.9600067138672,45205800
2024-12-12,246.61282348632812,247.9600067138672,248.74000549316406,245.67999267578125,246.88999938964844,32777500
2024-12-13,246.7819061279297,248.1300048828125,249.2899932861328,246.24000549316406,247.82000732421875,33155300
2024-12-16,249.67608642578125,251.0399932861328,251.3800048828125,247.64999389648438,247.99000549316406,51694800
2024-12-17,252.1028289794922,253.47999572753906,253.8300018310547,249.77999877929688,250.0800018310547,51356400
2024-12-18,246.70236206054688,248.0500030517578,254.27999877929688,247.74000549316406,252.16000366210938,56774100
2024-12-19,248.43287658691406,249.7899932861328,252.0,247.08999633789062,247.5,60882300
2024-12-20,253.10736083984375,254.49000549316406,255.0,245.69000244140625,248.0399932861328,147495300
2024-12-23,253.8831024169922,255.27000427246094,255.64999389648438,253.4499969482422,254.77000427246094,40858800
2024-12-24,256.79718017578125,258.20001220703125,258.2099914550781,255.2899932861328,255.49000549316406,23234700
2024-12-26,257.61273193359375,259.0199890136719,260.1000061035156,257.6300048828125,258.19000244140625,27237100
2024-12-27,254.2013702392578,255.58999633789062,258.70001220703125,253.05999755859375,257.8299865722656,42355300
2024-12-30,250.8297882080078,252.1999969482422,253.5,250.75,252.22999572753906,35557500
2024-12-31,249.05946350097656,250.4199981689453,253.27999877929688,249.42999267578125,252.44000244140625,39480700
2025-01-02,242.52516174316406,243.85000610351562,249.10000610351562,241.82000732421875,248.92999267578125,55740700
2025-01-03,242.03781127929688,243.36000061035156,244.17999267578125,241.88999938964844,243.36000061035156,40244100
2025-01-06,243.6688995361328,245.0,247.3300018310547,243.1999969482422,244.30999755859375,45045600
2025-01-07,240.89407348632812,242.2100067138672,245.5500030517578,241.35000610351562,242.97999572753906,40856000
2025-01-08,241.3813934326172,242.6999969482422,243.7100067138672,240.0500030517578,241.9199981689453,37628900
2025-01-10,235.56317138671875,236.85000610351562,240.16000366210938,233.0,240.00999450683594,61710900
2025-01-13,233.12649536132812,234.39999389648438,234.6699981689453,229.72000122070312,233.52999877929688,49630700
2025-01-14,232.01258850097656,233.27999877929688,236.1199951171875,232.47000122070312,234.75,39435300
2025-01-15,236.57765197753906,237.8699951171875,238.9600067138672,234.42999267578125,234.63999938964844,39832000
2025-01-16,227.0198516845703,228.25999450683594,238.00999450683594,228.02999877929688,237.35000610351562,71759100
2025-01-17,228.7305145263672,229.97999572753906,232.2899932861328,228.47999572753906,232.1199951171875,68488300
2025-01-21,221.43038940429688,222.63999938964844,224.4199981689453,219.3800048828125,224.0,98070400
2025-01-22,222.61392211914062,223.8300018310547,224.1199951171875,219.7899932861328,219.7899932861328,64126500
2025-01-23,222.4448699951172,223.66000366210938,227.02999877929688,222.3000030517578,224.74000549316406,60234800
2025-01-24,221.56961059570312,222.77999877929688,225.6300048828125,221.41000366210938,224.77999877929688,54697900
2025-01-27,228.6111602783203,229.86000061035156,232.14999389648438,223.97999572753906,224.02000427246094,94863400
2025-01-28,236.9655303955078,238.25999450683594,240.19000244140625,230.80999755859375,230.85000610351562,75707600
2025-01-29,238.05955505371094,239.36000061035156,239.86000061035156,234.00999450683594,234.1199951171875,45486100
2025-01-30,236.2991485595703,237.58999633789062,240.7899932861328,237.2100067138672,238.6699981689453,55658300
2025-01-31,234.71778869628906,236.0,247.19000244140625,233.44000244140625,247.19000244140625,100959800
2025-02-03,226.77120971679688,228.00999450683594,231.8300018310547,225.6999969482422,229.99000549316406,73063300
2025-02-04,231.53518676757812,232.8000030517578,233.1300048828125,226.64999389648438,227.25,45067300
2025-02-05,231.20697021484375,232.47000122070312,232.6699981689453,228.27000427246094,228.52999877929688,39620300
2025-02-06,231.95289611816406,233.22000122070312,233.8000030517578,230.42999267578125,231.2899932861328,29925300
2025-02-07,226.39329528808594,227.6300048828125,234.0,227.25999450683594,232.60000610351562,39707200
2025-02-10,226.66209411621094,227.64999389648438,230.58999633789062,227.1999969482422,229.57000732421875,33115600
2025-02-11,231.61053466796875,232.6199951171875,235.22999572753906,228.1300048828125,228.1999969482422,53718400
2025-02-12,235.84210205078125,236.8699951171875,236.9600067138672,230.67999267578125,231.1999969482422,45243300
2025-02-13,240.48187255859375,241.52999877929688,242.33999633789062,235.57000732421875,236.91000366210938,53614100
2025-02-14,243.53857421875,244.60000610351562,245.5500030517578,240.99000549316406,241.25,40896200
2025-02-18,243.40911865234375,244.47000122070312,245.17999267578125,241.83999633789062,244.14999389648438,48822500
2025-02-19,243.80735778808594,244.8699951171875,246.00999450683594,243.16000366210938,244.66000366210938,32204200
2025-02-20,244.76321411132812,245.8300018310547,246.77999877929688,244.2899932861328,244.94000244140625,32316900
2025-02-21,244.48443603515625,245.5500030517578,248.69000244140625,245.22000122070312,245.9499969482422,53197400
2025-02-24,246.0277099609375,247.10000610351562,248.86000061035156,244.4199981689453,244.92999267578125,51326400
2025-02-25,245.9679718017578,247.0399932861328,250.0,244.91000366210938,248.0,48013300
2025-02-26,239.31695556640625,240.36000061035156,244.97999572753906,239.1300048828125,244.3300018310547,44433600
2025-02-27,236.27024841308594,237.3000030517578,242.4600067138672,237.05999755859375,239.41000366210938,41153600
2025-02-28,240.79052734375,241.83999633789062,242.08999633789062,230.1999969482422,236.9499969482422,56833400
2025-03-03,236.9970703125,238.02999877929688,244.02999877929688,236.11000061035156,241.7899932861328,47184000
2025-03-04,234.9061737060547,235.92999267578125,240.07000732421875,234.67999267578125,237.7100067138672,53798100
2025-03-05,234.7169952392578,235.74000549316406,236.5500030517578,229.22999572753906,235.4199981689453,47227600
2025-03-06,234.30877685546875,235.3300018310547,237.86000061035156,233.16000366210938,234.44000244140625,45170400
2025-03-07,238.03256225585938,239.07000732421875,241.3699951171875,234.75999450683594,235.11000061035156,46273600
2025-03-10,226.4928436279297,227.47999572753906,236.16000366210938,224.22000122070312,235.5399932861328,72071200
2025-03-11,219.88165283203125,220.83999633789062,225.83999633789062,217.4499969482422,223.80999755859375,76137400
2025-03-12,216.03842163085938,216.97999572753906,221.75,214.91000366210938,220.13999938964844,62547500
2025-03-13,208.77008056640625,209.67999267578125,216.83999633789062,208.4199981689453,215.9499969482422,61368300
2025-03-14,212.5635528564453,213.49000549316406,213.9499969482422,209.5800018310547,211.25,60107600
2025-03-17,213.0713653564453,214.0,215.22000122070312,209.97000122070312,213.30999755859375,48073400
2025-03-18,211.7670440673828,212.69000244140625,215.14999389648438,211.49000549316406,214.16000366210938,42432400
2025-03-19,214.30596923828125,215.24000549316406,218.75999450683594,213.75,214.22000122070312,54385400
2025-03-20,213.17091369628906,214.10000610351562,217.49000549316406,212.22000122070312,213.99000549316406,48862900
2025-03-21,217.3228302001953,218.27000427246094,218.83999633789062,211.27999877929688,211.55999755859375,94127800
2025-03-24,219.77215576171875,220.72999572753906,221.47999572753906,218.5800018310547,221.0,44299500
2025-03-25,222.77903747558594,223.75,224.10000610351562,220.0800018310547,220.77000427246094,34493600
2025-03-26,220.56866455078125,221.52999877929688,225.02000427246094,220.47000122070312,223.50999450683594,34466100
2025-03-27,222.8786163330078,223.85000610351562,224.99000549316406,220.55999755859375,221.38999938964844,37094800
2025-03-28,216.95440673828125,217.89999389648438,223.80999755859375,217.67999267578125,221.6699981689453,39818600
2025-03-31,221.16607666015625,222.1300048828125,225.6199951171875,216.22999572753906,217.00999450683594,65299300
2025-04-01,222.22145080566406,223.19000244140625,223.67999267578125,218.89999389648438,219.80999755859375,36412700
2025-04-02,222.91842651367188,223.88999938964844,225.19000244140625,221.02000427246094,221.32000732421875,35905900
2025-04-03,202.30824279785156,203.19000244140625,207.49000549316406,201.25,205.5399932861328,103419000
2025-04-04,187.56253051757812,188.3800048828125,199.8800048828125,187.33999633789062,193.88999938964844,125910900
2025-04-07,180.6725616455078,181.4600067138672,194.14999389648438,174.6199951171875,177.1999969482422,160466300
2025-04-08,171.67178344726562,172.4199981689453,190.33999633789062,169.2100067138672,186.6999969482422,120859500
2025-04-09,197.98709106445312,198.85000610351562,200.61000061035156,171.88999938964844,171.9499969482422,184395900
2025-04-10,189.59365844726562,190.4199981689453,194.77999877929688,183.0,189.07000732421875,121880000
2025-04-11,197.29013061523438,198.14999389648438,199.5399932861328,186.05999755859375,186.10000610351562,87435900
2025-04-14,201.64117431640625,202.52000427246094,212.94000244140625,201.16000366210938,211.44000244140625,101352900
2025-04-15,201.26280212402344,202.13999938964844,203.50999450683594,199.8000030517578,201.86000061035156,51343900
2025-04-16,193.42697143554688,194.27000427246094,200.6999969482422,192.3699951171875,198.36000061035156,59732400
2025-04-17,196.12521362304688,196.97999572753906,198.8300018310547,194.4199981689453,197.1999969482422,52164700
2025-04-21,192.32177734375,193.16000366210938,193.8000030517578,189.80999755859375,193.27000427246094,46742500
2025-04-22,198.8732452392578,199.74000549316406,201.58999633789062,195.97000122070312,196.1199951171875,52976400
2025-04-23,203.71214294433594,204.60000610351562,208.0,202.8000030517578,206.0,52929200
2025-04-24,207.46575927734375,208.3699951171875,208.8300018310547,202.94000244140625,204.88999938964844,47311000
2025-04-25,208.371826171875,209.27999877929688,209.75,206.1999969482422,206.3699951171875,38222300
2025-04-28,209.2281036376953,210.13999938964844,211.5,207.4600067138672,210.0,38743100
2025-04-29,210.29345703125,211.2100067138672,212.24000549316406,208.3699951171875,208.69000244140625,36827600
2025-04-30,211.57786560058594,212.5,213.5800018310547,206.6699981689453,209.3000030517578,52286500
2025-05-01,212.39430236816406,213.32000732421875,214.55999755859375,208.89999389648438,209.0800018310547,57365700
2025-05-02,204.45889282226562,205.35000610351562,206.99000549316406,202.16000366210938,206.08999633789062,101010600
2025-05-05,198.02691650390625,198.88999938964844,204.10000610351562,198.2100067138672,203.10000610351562,69018500
2025-05-06,197.6485595703125,198.50999450683594,200.64999389648438,197.02000427246094,198.2100067138672,51216500
2025-05-07,195.3983612060547,196.25,199.44000244140625,193.25,199.1699981689453,68536700
2025-05-08,196.63299560546875,197.49000549316406,200.0500030517578,194.67999267578125,197.72000122070312,50478900
2025-05-09,197.66848754882812,198.52999877929688,200.5399932861328,197.5399932861328,199.0,36453900
2025-05-12,210.15048217773438,210.7899932861328,211.27000427246094,206.75,210.97000122070312,63775800
2025-05-13,212.28399658203125,212.92999267578125,213.39999389648438,209.0,210.42999267578125,51909300
2025-05-14,211.68582153320312,212.3300018310547,213.94000244140625,210.5800018310547,212.42999267578125,49325800
2025-05-15,210.80850219726562,211.4499969482422,212.9600067138672,209.5399932861328,210.9499969482422,45029500
2025-05-16,210.61907958984375,211.25999450683594,212.57000732421875,209.77000427246094,212.36000061035156,54737900
2025-05-19,208.14659118652344,208.77999877929688,209.47999572753906,204.25999450683594,207.91000366210938,46140500
2025-05-20,206.232421875,206.86000061035156,208.47000122070312,205.02999877929688,207.6699981689453,42496600
2025-05-21,201.47689819335938,202.08999633789062,207.0399932861328,200.7100067138672,205.1699981689453,59211800
2025-05-22,200.74911499023438,201.36000061035156,202.75,199.6999969482422,200.7100067138672,46742400
2025-05-23,194.6775665283203,195.27000427246094,197.6999969482422,193.4600067138672,193.6699981689453,78432900
2025-05-27,199.60260009765625,200.2100067138672,200.74000549316406,197.42999267578125,198.3000030517578,56288500
2025-05-28,199.8119659423828,200.4199981689453,202.72999572753906,199.89999389648438,200.58999633789062,45339700
2025-05-29,199.34336853027344,199.9499969482422,203.80999755859375,198.50999450683594,203.5800018310547,51396800
2025-05-30,200.24066162109375,200.85000610351562,201.9600067138672,196.77999877929688,199.3699951171875,70819900
2025-06-02,201.08807373046875,201.6999969482422,202.1300048828125,200.1199951171875,200.27999877929688,35423300
2025-06-03,202.6533203125,203.27000427246094,203.77000427246094,200.9600067138672,201.35000610351562,46381600
2025-06-04,202.20468139648438,202.82000732421875,206.24000549316406,202.10000610351562,202.91000366210938,43604000
2025-06-05,200.0213165283203,200.6300048828125,204.75,200.14999389648438,203.5,55126100
2025-06-06,203.30133056640625,203.9199981689453,205.6999969482422,202.0500030517578,203.0,46607700
2025-06-09,200.8388214111328,201.4499969482422,206.0,200.02000427246094,204.38999938964844,72862600
2025-06-10,202.0551300048828,202.6699981689453,204.35000610351562,200.57000732421875,200.60000610351562,54672600
2025-06-11,198.1769256591797,198.77999877929688,204.5,198.41000366210938,203.5,60989900
2025-06-12,198.5956573486328,199.1999969482422,199.67999267578125,197.36000061035156,199.0800018310547,43904600
2025-06-13,195.85400390625,196.4499969482422,200.3699951171875,195.6999969482422,199.72999572753906,51447300
2025-06-16,197.81802368164062,198.4199981689453,198.69000244140625,196.55999755859375,197.3000030517578,43020700
2025-06-17,195.0464630126953,195.63999938964844,198.38999938964844,195.2100067138672,197.1999969482422,38856200
2025-06-18,195.9835968017578,196.5800018310547,197.57000732421875,195.07000732421875,195.94000244140625,45394700
2025-06-20,200.3902130126953,201.0,201.6999969482422,196.86000061035156,198.24000549316406,96813500
2025-06-23,200.888671875,201.5,202.3000030517578,198.9600067138672,201.6300048828125,55814300
2025-06-24,199.6923065185547,200.3000030517578,203.44000244140625,200.1999969482422,202.58999633789062,54064000
2025-06-25,200.948486328125,201.55999755859375,203.6699981689453,200.6199951171875,201.4499969482422,39525700
2025-06-26,200.3902130126953,201.0,202.63999938964844,199.4600067138672,201.42999267578125,50799100
2025-06-27,200.469970703125,201.0800018310547,203.22000122070312,200.0,201.88999938964844,73188600
2025-06-30,204.5475311279297,205.1699981689453,207.38999938964844,199.25999450683594,202.00999450683594,91912800
2025-07-01,207.18951416015625,207.82000732421875,210.19000244140625,206.13999938964844,206.6699981689453,78788900
2025-07-02,211.7954864501953,212.44000244140625,213.33999633789062,208.13999938964844,208.91000366210938,67941800
2025-07-03,212.90211486816406,213.5500030517578,214.64999389648438,211.80999755859375,212.14999389648438,34955800
2025-07-07,209.31304931640625,209.9499969482422,216.22999572753906,208.8000030517578,212.67999267578125,50229000
2025-07-08,209.3728485107422,210.00999450683594,211.42999267578125,208.4499969482422,210.10000610351562,42848900
2025-07-09,210.4994354248047,211.13999938964844,211.3300018310547,207.22000122070312,209.52999877929688,48749400
2025-07-10,211.7655792236328,212.41000366210938,213.47999572753906,210.02999877929688,210.50999450683594,44443600
2025-07-11,210.51937866210938,211.16000366210938,212.1300048828125,209.86000061035156,210.57000732421875,39765800
2025-07-14,207.987060546875,208.6199951171875,210.91000366210938,207.5399932861328,209.92999267578125,38840100
2025-07-15,208.4755859375,209.11000061035156,211.88999938964844,208.9199981689453,209.22000122070312,42296300
2025-07-16,209.52239990234375,210.16000366210938,212.39999389648438,208.63999938964844,210.3000030517578,47490500
2025-07-17,209.38282775878906,210.02000427246094,211.8000030517578,209.58999633789062,210.57000732421875,48068100
2025-07-18,210.539306640625,211.17999267578125,211.7899932861328,209.6999969482422,210.8699951171875,48974600
2025-07-21,211.83535766601562,212.47999572753906,215.77999877929688,211.6300048828125,212.10000610351562,51377400
2025-07-22,213.74952697753906,214.39999389648438,214.9499969482422,212.22999572753906,213.13999938964844,46404100
2025-07-23,213.5002899169922,214.14999389648438,215.14999389648438,212.41000366210938,215.0,46989300
2025-07-24,213.11148071289062,213.75999450683594,215.69000244140625,213.52999877929688,213.89999389648438,46022600
2025-07-25,213.23110961914062,213.8800048828125,215.24000549316406,213.39999389648438,214.6999969482422,40268800
2025-07-28,213.40061950683594,214.0500030517578,214.85000610351562,213.05999755859375,214.02999877929688,37858000
2025-07-29,210.62904357910156,211.27000427246094,214.80999755859375,210.82000732421875,214.17999267578125,51411700
2025-07-30,208.41578674316406,209.0500030517578,212.38999938964844,207.72000122070312,211.89999389648438,45512500
2025-07-31,206.9402618408203,207.57000732421875,209.83999633789062,207.16000366210938,208.49000549316406,80698400
2025-08-01,201.76600646972656,202.3800048828125,213.5800018310547,201.5,210.8699951171875,104434500
2025-08-04,202.7330780029297,203.35000610351562,207.8800048828125,201.67999267578125,204.50999450683594,75109300
2025-08-05,202.3043670654297,202.9199981689453,205.33999633789062,202.16000366210938,203.39999389648438,44155100
2025-08-06,212.60302734375,213.25,215.3800048828125,205.58999633789062,205.6300048828125,108483100
2025-08-07,219.36245727539062,220.02999877929688,220.85000610351562,216.5800018310547,218.8800048828125,90224800
2025-08-08,228.6541748046875,229.35000610351562,231.0,219.25,220.8300018310547,113854000
2025-08-11,226.747802734375,227.17999267578125,229.55999755859375,224.75999450683594,227.9199981689453,61806100
2025-08-12,229.21310424804688,229.64999389648438,230.8000030517578,227.07000732421875,228.00999450683594,55626200
2025-08-13,232.88612365722656,233.3300018310547,235.0,230.42999267578125,231.07000732421875,69878500
2025-08-14,232.337158203125,232.77999877929688,235.1199951171875,230.85000610351562,234.05999755859375,51916300
2025-08-15,231.1494140625,231.58999633789062,234.27999877929688,229.33999633789062,234.0,56038700
2025-08-18,230.4507598876953,230.88999938964844,233.1199951171875,230.11000061035156,231.6999969482422,37476200
2025-08-19,230.1213836669922,230.55999755859375,232.8699951171875,229.35000610351562,231.27999877929688,39402600
2025-08-20,225.5800323486328,226.00999450683594,230.47000122070312,225.77000427246094,229.97999572753906,42263900
2025-08-21,224.47215270996094,224.89999389648438,226.52000427246094,223.77999877929688,226.27000427246094,30621200
2025-08-22,227.3267059326172,227.75999450683594,229.08999633789062,225.41000366210938,226.1699981689453,42477800
2025-08-25,226.72784423828125,227.16000366210938,229.3000030517578,226.22999572753906,226.47999572753906,30983100
2025-08-26,228.87376403808594,229.30999755859375,229.49000549316406,224.69000244140625,226.8699951171875,54575100
2025-08-27,230.05152893066406,230.49000549316406,230.89999389648438,228.25999450683594,228.61000061035156,31259500
2025-08-28,232.11758422851562,232.55999755859375,233.41000366210938,229.33999633789062,230.82000732421875,38074700
2025-08-29,231.69837951660156,232.13999938964844,233.3800048828125,231.3699951171875,232.50999450683594,39418400
2025-09-02,229.28298950195312,229.72000122070312,230.85000610351562,226.97000122070312,229.25,44075600
2025-09-03,238.01634216308594,238.47000122070312,238.85000610351562,234.36000061035156,237.2100067138672,66427800
2025-09-04,239.32383728027344,239.77999877929688,239.89999389648438,236.74000549316406,238.4499969482422,47549400
2025-09-05,239.2340087890625,239.69000244140625,241.32000732421875,238.49000549316406,240.0,54870400
2025-09-08,237.42745971679688,237.8800048828125,240.14999389648438,236.33999633789062,239.3000030517578,48999500
2025-09-09,233.9041748046875,234.35000610351562,238.77999877929688,233.36000061035156,237.0,66313900
2025-09-10,226.35855102539062,226.7899932861328,232.4199981689453,225.9499969482422,232.19000244140625,83440800
2025-09-11,229.59239196777344,230.02999877929688,230.4499969482422,226.64999389648438,226.8800048828125,50208600
2025-09-12,233.6247100830078,234.07000732421875,234.50999450683594,229.02000427246094,229.22000122070312,55824200
2025-09-15,236.24969482421875,236.6999969482422,238.19000244140625,235.02999877929688,237.0,42699500
2025-09-16,237.6969451904297,238.14999389648438,241.22000122070312,236.32000732421875,237.17999267578125,63421100
2025-09-17,238.5353546142578,238.99000549316406,240.10000610351562,237.72999572753906,238.97000122070312,46508000
2025-09-18,237.42745971679688,237.8800048828125,241.1999969482422,236.64999389648438,239.97000122070312,44249600
2025-09-19,245.032958984375,245.5,246.3000030517578,240.2100067138672,241.22999572753906,163741300
2025-09-22,255.5928192138672,256.0799865722656,256.6400146484375,248.1199951171875,248.3000030517578,105517400
2025-09-23,253.9459686279297,254.42999267578125,257.3399963378906,253.5800018310547,255.8800048828125,60275200
2025-09-24,251.8300018310547,252.30999755859375,255.74000549316406,251.0399932861328,255.22000122070312,42303700
2025-09-25,256.3813171386719,256.8699951171875,257.1700134277344,251.7100067138672,253.2100067138672,55202100
2025-09-26,254.97401428222656,255.4600067138672,257.6000061035156,253.77999877929688,254.10000610351562,46076300
2025-09-29,253.9459686279297,254.42999267578125,255.0,253.00999450683594,254.55999755859375,40127700
2025-09-30,254.14559936523438,254.6300048828125,255.9199981689453,253.11000061035156,254.86000061035156,37704300
2025-10-01,254.9640350341797,255.4499969482422,258.7900085449219,254.92999267578125,255.0399932861328,48713900
2025-10-02,256.6408386230469,257.1300048828125,258.17999267578125,254.14999389648438,256.5799865722656,42630200
2025-10-03,257.5291442871094,258.0199890136719,259.239990234375,253.9499969482422,254.6699981689453,49155600
2025-10-06,256.20166015625,256.69000244140625,259.07000732421875,255.0500030517578,257.989990234375,44664100
2025-10-07,255.99209594726562,256.4800109863281,257.3999938964844,255.42999267578125,256.80999755859375,31955800
2025-10-08,257.569091796875,258.05999755859375,258.5199890136719,256.1099853515625,256.5199890136719,36496900
2025-10-09,253.55670166015625,254.0399932861328,258.0,253.13999938964844,257.80999755859375,38322000
2025-10-10,244.80340576171875,245.27000427246094,256.3800048828125,244.0,254.94000244140625,61999100
2025-10-13,247.18885803222656,247.66000366210938,249.69000244140625,245.55999755859375,249.3800048828125,38142900
2025-10-14,247.29864501953125,247.77000427246094,248.85000610351562,244.6999969482422,246.60000610351562,35478000
2025-10-15,248.86566162109375,249.33999633789062,251.82000732421875,247.47000122070312,249.49000549316406,33893600
2025-10-16,246.97926330566406,247.4499969482422,249.0399932861328,245.1300048828125,248.25,39777000
2025-10-17,251.81002807617188,252.2899932861328,253.3800048828125,247.27000427246094,248.02000427246094,49147000
2025-10-20,261.7411193847656,262.239990234375,264.3800048828125,255.6300048828125,255.88999938964844,90483000
2025-10-21,262.27008056640625,262.7699890136719,265.2900085449219,261.8299865722656,261.8800048828125,46695900
2025-10-22,257.9583435058594,258.45001220703125,262.8500061035156,255.42999267578125,262.6499938964844,45015300
2025-10-23,259.0861511230469,259.5799865722656,260.6199951171875,258.010009765625,259.94000244140625,32754900
2025-10-24,262.3200378417969,262.82000732421875,264.1300048828125,259.17999267578125,261.19000244140625,38253700
2025-10-27,268.2986145019531,268.80999755859375,269.1199951171875,264.6499938964844,264.8800048828125,44888200
2025-10-28,268.4882507324219,269.0,269.8900146484375,268.1499938964844,268.989990234375,41534800
2025-10-29,269.1869201660156,269.70001220703125,271.4100036621094,267.1099853515625,269.2799987792969,51086700
2025-10-30,270.8836669921875,271.3999938964844,274.1400146484375,268.4800109863281,271.989990234375,69886500
2025-10-31,269.85565185546875,270.3699951171875,277.32000732421875,269.1600036621094,276.989990234375,86167100
2025-11-03,268.53814697265625,269.04998779296875,270.8500061035156,266.25,270.4200134277344,50194600
2025-11-04,269.5262756347656,270.0400085449219,271.489990234375,267.6199951171875,268.3299865722656,49274800
2025-11-05,269.6260986328125,270.1400146484375,271.70001220703125,266.92999267578125,268.6099853515625,43683100
2025-11-06,269.25677490234375,269.7699890136719,273.3999938964844,267.8900146484375,267.8900146484375,51204000
2025-11-07,267.9592590332031,268.4700012207031,272.2900085449219,266.7699890136719,269.79998779296875,48227400
2025-11-10,269.1781311035156,269.42999267578125,273.7300109863281,267.4599914550781,268.9599914550781,41312400
2025-11-11,274.99267578125,275.25,275.9100036621094,269.79998779296875,269.80999755859375,46208300
2025-11-12,273.21435546875,273.4700012207031,275.7300109863281,271.70001220703125,275.0,48398000
2025-11-13,272.6948547363281,272.95001220703125,276.70001220703125,272.0899963378906,274.1099853515625,49602800
2025-11-14,272.15533447265625,272.4100036621094,275.9599914550781,269.6000061035156,271.04998779296875,47431300
2025-11-17,267.2099609375,267.4599914550781,270.489990234375,265.7300109863281,268.82000732421875,45018300
2025-11-18,267.19000244140625,267.44000244140625,270.7099914550781,265.32000732421875,269.989990234375,45677300
2025-11-19,268.3089294433594,268.55999755859375,272.2099914550781,265.5,265.5299987792969,40424500
2025-11-20,266.0010986328125,266.25,275.42999267578125,265.9200134277344,270.8299865722656,45823600
2025-11-21,271.2361755371094,271.489990234375,273.3299865722656,265.6700134277344,265.95001220703125,59030800
2025-11-24,275.6620788574219,275.9200134277344,277.0,270.8999938964844,270.8999938964844,65585800
2025-11-25,276.7110900878906,276.9700012207031,280.3800048828125,275.25,275.2699890136719,46914200
2025-11-26,277.29052734375,277.54998779296875,279.5299987792969,276.6300048828125,276.9599914550781,33431400
2025-11-28,278.5893249511719,278.8500061035156,279.0,275.989990234375,277.260009765625,20135600
2025-12-01,282.8353576660156,283.1000061035156,283.4200134277344,276.1400146484375,278.010009765625,46587700
2025-12-02,285.9224548339844,286.19000244140625,287.3999938964844,282.6300048828125,283.0,53669500
2025-12-03,283.8843688964844,284.1499938964844,288.6199951171875,283.29998779296875,286.20001220703125,43538700
2025-12-04,280.4375915527344,280.70001220703125,284.7300109863281,278.5899963378906,284.1000061035156,43989100
2025-12-05,278.5193786621094,278.7799987792969,281.1400146484375,278.04998779296875,280.5400085449219,47265800
2025-12-08,277.6302185058594,277.8900146484375,279.6700134277344,276.1499938964844,278.1300048828125,38211800
2025-12-09,276.9208679199219,277.17999267578125,280.0299987792969,276.9200134277344,278.1600036621094,32193300
2025-12-10,278.5193786621094,278.7799987792969,279.75,276.44000244140625,277.75,33038300
2025-12-11,277.77008056640625,278.0299987792969,279.5899963378906,273.80999755859375,279.1000061035156,33248000
2025-12-12,278.0198669433594,278.2799987792969,279.2200012207031,276.82000732421875,277.8999938964844,39532900
2025-12-15,273.8537292480469,274.1099853515625,280.1499938964844,272.8399963378906,280.1499938964844,50409100
2025-12-16,274.353271484375,274.6099853515625,275.5,271.7900085449219,272.82000732421875,37648600
2025-12-17,271.58587646484375,271.8399963378906,276.1600036621094,271.6400146484375,275.010009765625,50138700
2025-12-18,271.935546875,272.19000244140625,273.6300048828125,266.95001220703125,273.6099853515625,51630700
2025-12-19,273.4141845703125,273.6700134277344,274.6000061035156,269.8999938964844,272.1499938964844,144632000
2025-12-22,270.7166748046875,270.9700012207031,273.8800048828125,270.510009765625,272.8599853515625,36571800
2025-12-23,272.1053771972656,272.3599853515625,272.5,269.55999755859375,270.8399963378906,29642000
2025-12-24,273.55401611328125,273.80999755859375,275.42999267578125,272.20001220703125,272.3399963378906,17910600
2025-12-26,273.1444091796875,273.3999938964844,275.3699951171875,272.8599853515625,274.1600036621094,21521800
2025-12-29,273.50408935546875,273.760009765625,274.3599853515625,272.3500061035156,272.69000244140625,23715200
2025-12-30,272.82470703125,273.0799865722656,274.0799865722656,272.2799987792969,272.80999755859375,22139600
2025-12-31,271.6058349609375,271.8599853515625,273.67999267578125,271.75,273.05999755859375,27293600
2026-01-02,270.75665283203125,271.010009765625,277.8399963378906,269.0,272.260009765625,37838100
2026-01-05,267.0101623535156,267.260009765625,271.510009765625,266.1400146484375,270.6400146484375,45647200
2026-01-06,262.1147155761719,262.3599853515625,267.54998779296875,262.1199951171875,267.0,52352100
2026-01-07,260.08660888671875,260.3299865722656,263.67999267578125,259.80999755859375,263.20001220703125,48309800
2026-01-08,258.7978515625,259.0400085449219,259.2900085449219,255.6999969482422,257.0199890136719,50419300
2026-01-09,259.1275329589844,259.3699951171875,260.2099914550781,256.2200012207031,259.0799865722656,39997000
2026-01-12,260.0067138671875,260.25,261.29998779296875,256.79998779296875,259.1600036621094,45263800
2026-01-13,260.8059387207031,261.04998779296875,261.80999755859375,258.3900146484375,258.7200012207031,45730800
2026-01-14,259.71697998046875,259.9599914550781,261.82000732421875,256.7099914550781,259.489990234375,40019400
2026-01-15,257.9685974121094,258.2099914550781,261.0400085449219,257.04998779296875,260.6499938964844,39388600
2026-01-16,255.29112243652344,255.52999877929688,258.8999938964844,254.92999267578125,257.8999938964844,72142800
2026-01-20,246.46937561035156,246.6999969482422,254.7899932861328,243.4199981689453,252.72999572753906,80267500
2026-01-21,247.41848754882812,247.64999389648438,251.55999755859375,245.17999267578125,248.6999969482422,54641700
2026-01-22,248.1178436279297,248.35000610351562,251.0,248.14999389648438,249.1999969482422,39708300
2026-01-23,247.80812072753906,248.0399932861328,249.41000366210938,244.67999267578125,247.32000732421875,41689000
2026-01-26,255.17123413085938,255.41000366210938,256.55999755859375,249.8000030517578,251.47999572753906,55969200
2026-01-27,258.0285339355469,258.2699890136719,261.95001220703125,258.2099914550781,259.1700134277344,49648300
2026-01-28,256.2002868652344,256.44000244140625,258.8599853515625,254.50999450683594,257.6499938964844,41288000
2026-01-29,258.0385437011719,258.2799987792969,259.6499938964844,254.41000366210938,258.0,67253000
2026-01-30,259.2374267578125,259.4800109863281,261.8999938964844,252.17999267578125,255.1699981689453,92443400
2026-02-02,269.7575988769531,270.010009765625,270.489990234375,259.2099914550781,260.0299987792969,73913400
2026-02-03,269.22808837890625,269.4800109863281,271.8800048828125,267.6099853515625,269.20001220703125,64394700
2026-02-04,276.23150634765625,276.489990234375,278.95001220703125,272.2900085449219,272.2900085449219,90545700
2026-02-05,275.6520690917969,275.9100036621094,279.5,273.2300109863281,278.1300048828125,52977400
2026-02-06,277.8599853515625,278.1199951171875,280.9100036621094,276.92999267578125,277.1199951171875,50453400
2026-02-09,274.6199951171875,274.6199951171875,278.20001220703125,271.70001220703125,277.9100036621094,44623400
2026-02-10,273.67999267578125,273.67999267578125,275.3699951171875,272.94000244140625,274.8900146484375,34376900
2026-02-11,275.5,275.5,280.17999267578125,274.45001220703125,274.70001220703125,51931300
2026-02-12,261.7300109863281,261.7300109863281,275.7200012207031,260.17999267578125,275.5899963378906,81077200
2026-02-13,255.77999877929688,255.77999877929688,262.2300109863281,255.4499969482422,262.010009765625,56229900
